ICCID,First_Used,filt
89882390000031001400,2020-04-04,True
89882390000031001426,2021-06-07,True
89882390000031001467,2019-06-07,True
89882390000031001475,2019-07-31,True
89882390000031001483,2019-07-31,True
89882390000031205050,2018-06-20,True
89882390000031217204,2019-12-30,True
89882390000031217238,2018-03-13,True
89882390000031217246,2019-02-19,True
89882390000031217386,2021-05-31,True
89882390000031217436,2019-09-06,True
89882390000031217444,2018-01-11,True
89882390000031402418,2018-05-17,True
89882390000031402434,2018-05-30,True
89882390000031402442,2018-06-15,True
89882390000031402459,2018-06-18,True
89882390000031402475,2018-06-11,True
89882390000031402483,2018-06-13,True
89882390000031402491,2018-07-03,True
89882390000031402509,2018-06-11,True
89882390000031402517,2018-06-11,True
89882390000031402525,2018-06-28,True
89882390000031402533,2018-06-11,True
89882390000031402541,2018-06-29,True
89882390000031402566,2018-07-23,True
89882390000031402582,2018-08-11,True
89882390000031402608,2018-07-22,True
89882390000031402616,2018-07-25,True
89882390000031402624,2018-07-13,True
89882390000031402632,2018-07-20,True
89882390000031402640,2018-07-22,True
89882390000031402657,2018-07-20,True
89882390000031402665,2018-07-27,True
89882390000031402673,2018-07-04,True
89882390000031402681,2018-06-29,True
89882390000031402699,2018-06-11,True
89882390000031402707,2018-07-31,True
89882390000031402715,2018-07-25,True
89882390000031402723,2019-12-06,True
89882390000031402749,2019-03-07,True
89882390000031402756,2020-09-29,True
89882390000031402764,2020-10-17,True
89882390000031402780,2019-03-04,True
89882390000031402798,2019-03-04,True
89882390000031402806,2019-03-07,True
89882390000031402814,2019-03-06,True
89882390000031402822,2019-03-05,True
89882390000031402830,2019-03-01,True
89882390000031402848,2019-03-01,True
89882390000031402855,2019-03-04,True
89882390000031402863,2020-11-23,True
89882390000031402871,2019-03-07,True
89882390000031402889,2019-03-05,True
89882390000031402897,2019-03-07,True
89882390000031402905,2019-03-07,True
89882390000031402913,2019-03-04,True
89882390000031402939,2019-03-01,True
89882390000031402954,2021-01-15,True
89882390000031402970,2021-02-03,True
89882390000031402988,2018-06-24,True
89882390000031402996,2018-08-02,True
89882390000031403002,2018-08-05,True
89882390000031403010,2018-08-05,True
89882390000031403028,2018-08-06,True
89882390000031403036,2018-07-26,True
89882390000031403044,2018-07-22,True
89882390000031403051,2018-07-18,True
89882390000031403069,2018-07-22,True
89882390000031403077,2018-07-20,True
89882390000031403085,2018-06-18,True
89882390000031403093,2019-12-06,True
89882390000031403101,2018-07-02,True
89882390000031403119,2018-07-26,True
89882390000031403127,2018-07-03,True
89882390000031403135,2019-12-06,True
89882390000031403150,2018-07-21,True
89882390000031403168,2018-07-20,True
89882390000031403176,2018-08-11,True
89882390000031403184,2022-02-15,True
89882390000031403192,2018-07-06,True
89882390000031403200,2018-06-13,True
89882390000031403218,2018-06-22,True
89882390000031403226,2021-04-22,True
89882390000031403234,2019-03-07,True
89882390000031403242,2018-06-11,True
89882390000031403259,2018-06-23,True
89882390000031403267,2018-06-16,True
89882390000031403275,2018-06-15,True
89882390000031403283,2018-06-11,True
89882390000031403291,2018-06-30,True
89882390000031403309,2018-06-11,True
89882390000031403317,2018-06-11,True
89882390000031403325,2018-06-11,True
89882390000031403333,2018-07-07,True
89882390000031403341,2018-06-15,True
89882390000031403358,2018-06-12,True
89882390000031403366,2018-06-11,True
89882390000031403374,2018-06-20,True
89882390000031403382,2018-06-08,True
89882390000031403390,2018-06-22,True
89882390000031403408,2018-06-11,True
89882390000036023359,2018-11-07,True
89882390000036023367,2018-10-29,True
89882390000036023425,2018-11-06,True
89882390000036023441,2022-02-12,True
89882390000036023458,2018-12-21,True
89882390000036023466,2018-11-15,True
89882390000036023482,2018-10-31,True
89882390000036023490,2018-10-03,True
89882390000047985422,2019-03-01,True
89882390000047985430,2018-12-28,True
89882390000047985448,2019-01-18,True
89882390000047985455,2019-01-19,True
89882390000047985463,2019-01-18,True
89882390000047985471,2019-01-19,True
89882390000047985489,2019-01-18,True
89882390000047985497,2019-01-18,True
89882390000047985505,2019-01-18,True
89882390000047985513,2018-12-28,True
89882390000047985521,2019-02-11,True
89882390000047985539,2019-01-18,True
89882390000047985547,2018-12-28,True
89882390000047985554,2019-11-20,True
89882390000047985562,2018-12-28,True
89882390000047985570,2018-12-28,True
89882390000047985588,2018-12-28,True
89882390000047985596,2019-01-18,True
89882390000047985604,2018-12-28,True
89882390000047985612,2019-01-17,True
89882390000047985620,2019-02-11,True
89882390000047985638,2019-02-11,True
89882390000047985646,2019-01-18,True
89882390000047985653,2019-03-21,True
89882390000047985661,2019-01-18,True
89882390000047985679,2019-01-18,True
89882390000047985687,2019-01-18,True
89882390000047985695,2019-01-18,True
89882390000047985703,2018-12-28,True
89882390000047985711,2019-01-18,True
89882390000047985729,2019-01-18,True
89882390000047985737,2019-01-17,True
89882390000047985745,2019-01-24,True
89882390000047985752,2018-12-28,True
89882390000047985760,2018-12-31,True
89882390000047985778,2019-01-17,True
89882390000047985786,2018-12-28,True
89882390000047985794,2018-12-28,True
89882390000047985802,2019-01-17,True
89882390000047985810,2019-01-18,True
89882390000047985828,2019-03-08,True
89882390000047985836,2018-12-27,True
89882390000047985844,2019-02-11,True
89882390000047985851,2018-12-28,True
89882390000047985869,2019-01-15,True
89882390000047985877,2019-01-17,True
89882390000047985885,2018-12-27,True
89882390000047985893,2018-12-28,True
89882390000047985901,2019-01-18,True
89882390000047985919,2019-01-15,True
89882390000047985927,2019-02-11,True
89882390000047985935,2019-01-18,True
89882390000047985943,2019-01-19,True
89882390000047985950,2020-10-16,True
89882390000047985968,2019-03-11,True
89882390000047985976,2021-02-03,True
89882390000047985984,2019-11-15,True
89882390000047986008,2019-03-08,True
89882390000047986016,2019-02-27,True
89882390000047986024,2019-02-27,True
89882390000047986032,2019-11-05,True
89882390000047986040,2019-04-01,True
89882390000047986057,2019-02-18,True
89882390000047986065,2019-02-27,True
89882390000047986073,2019-02-18,True
89882390000047986081,2019-03-11,True
89882390000047986099,2019-02-20,True
89882390000047986107,2019-03-11,True
89882390000047986115,2019-02-20,True
89882390000047986123,2019-01-22,True
89882390000047986131,2019-02-18,True
89882390000047986149,2019-03-11,True
89882390000047986164,2019-03-01,True
89882390000047986172,2020-10-15,True
89882390000047986180,2019-02-18,True
89882390000047986198,2019-02-20,True
89882390000047986206,2019-02-01,True
89882390000047986214,2019-02-19,True
89882390000047986222,2019-02-19,True
89882390000047986230,2019-02-19,True
89882390000047986248,2019-02-19,True
89882390000047986255,2019-02-19,True
89882390000047986263,2019-02-12,True
89882390000047986271,2019-02-19,True
89882390000047986289,2019-02-20,True
89882390000047986297,2019-03-07,True
89882390000047986305,2019-02-28,True
89882390000047986313,2019-02-19,True
89882390000047986321,2019-02-19,True
89882390000047986339,2019-02-06,True
89882390000047986347,2019-01-21,True
89882390000047986354,2019-03-11,True
89882390000047986362,2019-02-05,True
89882390000047986370,2019-02-11,True
89882390000047986388,2019-02-11,True
89882390000047986396,2019-02-11,True
89882390000047986404,2019-02-11,True
89882390000047986412,2019-02-11,True
89882390000047986420,2019-02-11,True
89882390000047986438,2019-02-11,True
89882390000047986446,2020-11-10,True
89882390000047986453,2019-02-11,True
89882390000047986461,2019-02-11,True
89882390000047986479,2019-02-11,True
89882390000047986487,2020-10-06,True
89882390000047986495,2019-11-20,True
89882390000047986503,2022-02-15,True
89882390000047986511,2020-10-01,True
89882390000047986537,2019-07-02,True
89882390000047986545,2019-07-02,True
89882390000047986552,2019-07-02,True
89882390000047986560,2019-07-02,True
89882390000047986578,2019-07-02,True
89882390000047986586,2019-07-01,True
89882390000047986594,2019-07-01,True
89882390000047986602,2019-07-01,True
89882390000047986610,2019-07-02,True
89882390000047986628,2019-07-02,True
89882390000047986636,2020-10-27,True
89882390000047986644,2019-10-31,True
89882390000047986651,2019-11-08,True
89882390000047986669,2019-10-07,True
89882390000047986677,2019-10-02,True
89882390000047986685,2019-11-27,True
89882390000047986693,2019-10-18,True
89882390000047986701,2019-11-05,True
89882390000047986719,2019-11-05,True
89882390000047986727,2019-10-29,True
89882390000047986735,2019-11-27,True
89882390000047986743,2019-11-27,True
89882390000047986768,2019-11-05,True
89882390000047986776,2019-11-05,True
89882390000047986784,2019-11-27,True
89882390000047986792,2021-11-19,True
89882390000047986800,2022-05-02,True
89882390000047986818,2022-01-19,True
89882390000047986826,2022-01-19,True
89882390000047986834,2022-05-03,True
89882390000047986842,2022-05-03,True
89882390000047986859,2022-05-03,True
89882390000047986867,2021-12-08,True
89882390000047986875,2022-01-19,True
89882390000047986883,2022-05-03,True
89882390000047986891,2022-01-31,True
89882390000047986909,2022-05-04,True
89882390000047986917,2022-05-02,True
89882390000047986925,2022-01-19,True
89882390000047986933,2021-12-14,True
89882390000047986941,2022-05-03,True
89882390000047986958,2022-01-31,True
89882390000047986966,2022-06-10,True
89882390000047986974,2022-05-02,True
89882390000047986982,2022-01-31,True
89882390000047986990,2021-12-23,True
89882390000047987006,2022-01-31,True
89882390000047987014,2022-02-04,True
89882390000047987022,2022-01-19,True
89882390000047987030,2021-12-08,True
89882390000047987048,2022-05-03,True
89882390000047987055,2021-12-14,True
89882390000047987063,2022-05-02,True
89882390000047987071,2022-05-03,True
89882390000047987089,2022-03-01,True
89882390000047987097,2022-05-02,True
89882390000047987105,2022-05-03,True
89882390000047987113,2021-12-08,True
89882390000047987121,2022-01-31,True
89882390000047987147,2022-05-03,True
89882390000047987154,2021-12-08,True
89882390000047987162,2022-05-02,True
89882390000047987170,2021-12-14,True
89882390000047987188,2022-05-03,True
89882390000047987196,2021-12-08,True
89882390000047987204,2021-10-20,True
89882390000047987212,2021-12-08,True
89882390000047987220,2021-12-03,True
89882390000047987238,2021-12-08,True
89882390000047987246,2021-12-08,True
89882390000047987253,2021-12-09,True
89882390000047987261,2021-12-08,True
89882390000047987279,2021-12-16,True
89882390000047987287,2022-12-30,True
89882390000047987295,2021-10-22,True
89882390000047987303,2021-12-08,True
89882390000047987311,2021-12-08,True
89882390000047987329,2021-12-09,True
89882390000047987337,2021-12-08,True
89882390000047987345,2021-12-08,True
89882390000047987535,2021-02-16,True
89882390000047987550,2021-02-16,True
89882390000047987576,2021-02-16,True
89882390000047987584,2021-02-16,True
89882390000047987618,2021-02-16,True
89882390000047987626,2021-02-16,True
89882390000047987659,2020-03-25,True
89882390000047987667,2020-03-25,True
89882390000047987675,2021-03-15,True
89882390000047987683,2021-03-15,True
89882390000047987691,2020-02-19,True
89882390000047987709,2021-03-15,True
89882390000047987717,2020-02-19,True
89882390000047987725,2020-02-19,True
89882390000047987733,2020-02-19,True
89882390000047987741,2020-02-19,True
89882390000047987758,2020-02-19,True
89882390000047987766,2020-02-19,True
89882390000047987774,2020-03-25,True
89882390000047987782,2020-03-25,True
89882390000047987790,2020-03-25,True
89882390000047987808,2020-03-25,True
89882390000047987816,2020-03-25,True
89882390000047987824,2020-03-25,True
89882390000047987832,2020-02-19,True
89882390000047987840,2020-02-19,True
89882390000047987857,2020-02-19,True
89882390000047987865,2020-02-19,True
89882390000047987873,2020-02-14,True
89882390000047987881,2020-02-14,True
89882390000047987899,2020-03-25,True
89882390000047987907,2020-03-25,True
89882390000047987915,2020-02-19,True
89882390000047987923,2020-02-19,True
89882390000047987931,2020-02-14,True
89882390000047987949,2020-02-14,True
89882390000047987956,2020-02-19,True
89882390000047987964,2020-02-19,True
89882390000047987972,2020-02-19,True
89882390000047987980,2020-02-19,True
89882390000047987998,2020-02-19,True
89882390000047988004,2020-02-19,True
89882390000047988012,2020-03-25,True
89882390000047988020,2020-03-25,True
89882390000047988038,2020-03-25,True
89882390000047988046,2020-03-25,True
89882390000047988053,2020-03-25,True
89882390000047988061,2020-03-25,True
89882390000047988079,2020-03-25,True
89882390000047988087,2020-03-25,True
89882390000047988095,2020-03-25,True
89882390000047988103,2020-02-19,True
89882390000047988111,2020-02-19,True
89882390000047988129,2020-03-25,True
89882390000047988137,2020-02-15,True
89882390000047988145,2020-02-14,True
89882390000047988152,2020-02-27,True
89882390000047988160,2020-02-14,True
89882390000047988178,2020-04-02,True
89882390000047988186,2020-04-20,True
89882390000047988194,2020-02-19,True
89882390000047988202,2020-02-19,True
89882390000047988210,2020-03-25,True
89882390000047988228,2020-03-25,True
89882390000047988236,2020-03-25,True
89882390000047988244,2020-03-25,True
89882390000047988251,2020-02-13,True
89882390000047988269,2020-02-19,True
89882390000047988277,2020-02-19,True
89882390000047988285,2020-02-19,True
89882390000047988293,2021-03-15,True
89882390000047988301,2020-02-19,True
89882390000047988319,2020-02-19,True
89882390000047988327,2020-02-19,True
89882390000047988335,2020-03-25,True
89882390000047988343,2020-03-25,True
89882390000047988350,2020-03-25,True
89882390000047988368,2020-03-25,True
89882390000047988376,2020-03-25,True
89882390000047988384,2020-03-25,True
89882390000047988392,2020-02-19,True
89882390000047988400,2020-03-25,True
89882390000047988418,2020-02-19,True
89882390000047988426,2020-02-19,True
89882390000047988434,2020-02-19,True
89882390000047988442,2020-02-19,True
89882390000047988459,2020-03-25,True
89882390000047988467,2020-03-25,True
89882390000047988475,2020-03-25,True
89882390000047988483,2020-03-25,True
89882390000047988491,2020-02-19,True
89882390000047988509,2020-02-19,True
89882390000047988517,2020-02-19,True
89882390000047988525,2020-02-19,True
89882390000047988533,2020-02-19,True
89882390000047988541,2020-02-19,True
89882390000047988558,2020-02-19,True
89882390000047988566,2020-02-19,True
89882390000047988574,2021-03-15,True
89882390000047988582,2020-02-14,True
89882390000047988590,2021-03-15,True
89882390000047988608,2021-03-15,True
89882390000047988616,2020-03-25,True
89882390000047988624,2021-03-15,True
89882390000047988632,2020-03-25,True
89882390000047988640,2020-02-19,True
89882390000047988681,2021-01-21,True
89882390000047988699,2021-01-21,True
89882390000047988707,2021-03-05,True
89882390000047988715,2021-01-21,True
89882390000047988723,2021-03-05,True
89882390000047988731,2021-01-21,True
89882390000047988749,2021-01-21,True
89882390000047988756,2021-01-21,True
89882390000047988764,2021-01-21,True
89882390000047988780,2021-01-21,True
89882390000047988798,2021-01-21,True
89882390000047988806,2021-09-28,True
89882390000047988814,2021-01-21,True
89882390000047988822,2021-01-21,True
89882390000047988830,2021-03-05,True
89882390000047988848,2021-01-21,True
89882390000047988855,2021-01-21,True
89882390000047988863,2021-01-21,True
89882390000047988871,2021-03-05,True
89882390000047988889,2020-12-07,True
89882390000047988897,2021-01-21,True
89882390000047988905,2021-09-28,True
89882390000047988913,2021-09-28,True
89882390000047988921,2021-03-05,True
89882390000047988939,2021-03-05,True
89882390000047988947,2021-03-05,True
89882390000047988962,2021-01-21,True
89882390000047988970,2021-01-21,True
89882390000047988988,2021-01-21,True
89882390000047988996,2021-01-21,True
89882390000047989002,2021-02-04,True
89882390000047989010,2021-01-21,True
89882390000047989028,2021-03-05,True
89882390000047989036,2021-01-21,True
89882390000047989044,2021-01-21,True
89882390000047989051,2021-03-05,True
89882390000047989069,2021-01-21,True
89882390000047989077,2020-11-26,True
89882390000047989085,2021-01-18,True
89882390000047989093,2020-11-26,True
89882390000047989101,2020-11-26,True
89882390000047989127,2020-12-14,True
89882390000047989135,2021-01-18,True
89882390000047989143,2021-02-04,True
89882390000047989150,2020-12-14,True
89882390000047989168,2020-11-26,True
89882390000047989176,2021-01-18,True
89882390000047989184,2020-11-26,True
89882390000047989192,2020-11-26,True
89882390000047989200,2020-11-26,True
89882390000047989218,2020-12-14,True
89882390000047989226,2020-11-26,True
89882390000047989234,2020-11-26,True
89882390000047989242,2020-11-26,True
89882390000047989259,2020-11-26,True
89882390000047989267,2020-11-26,True
89882390000047989275,2020-12-14,True
89882390000047989283,2020-11-26,True
89882390000047989291,2020-11-26,True
89882390000047989309,2021-01-18,True
89882390000047989317,2021-01-18,True
89882390000047989325,2020-11-26,True
89882390000047989333,2020-11-26,True
89882390000047989341,2020-11-26,True
89882390000047989358,2020-11-26,True
89882390000047989366,2020-11-26,True
89882390000047989374,2021-01-18,True
89882390000047989382,2021-01-18,True
89882390000047989390,2021-01-18,True
89882390000047989408,2020-11-26,True
89882390000047989416,2020-11-26,True
89882390000047989424,2020-11-26,True
89882390000047989432,2020-11-26,True
89882390000047989440,2021-01-18,True
89882390000047989457,2020-11-26,True
89882390000047989465,2020-11-26,True
89882390000047989473,2020-11-26,True
89882390000047989481,2020-11-26,True
89882390000047989499,2020-11-26,True
89882390000047989507,2020-11-26,True
89882390000047989515,2020-11-26,True
89882390000047989523,2020-11-26,True
89882390000047989531,2020-12-22,True
89882390000047989549,2020-11-26,True
89882390000047989556,2020-11-26,True
89882390000047989572,2019-11-05,True
89882390000047989580,2019-09-03,True
89882390000047989598,2019-10-07,True
89882390000047989606,2019-09-02,True
89882390000047989614,2019-09-02,True
89882390000047989622,2019-09-02,True
89882390000047989630,2019-09-02,True
89882390000047989648,2019-11-05,True
89882390000047989655,2019-10-03,True
89882390000047989663,2019-11-08,True
89882390000047989671,2019-11-05,True
89882390000047989689,2019-07-25,True
89882390000047989697,2019-07-25,True
89882390000047989705,2019-07-25,True
89882390000047989713,2019-07-25,True
89882390000047989721,2019-07-29,True
89882390000047989739,2019-05-10,True
89882390000047989747,2019-05-13,True
89882390000047989754,2019-05-11,True
89882390000047989762,2019-05-12,True
89882390000047989770,2019-05-10,True
89882390000047989788,2019-05-12,True
89882390000047989796,2019-05-11,True
89882390000047989804,2019-05-11,True
89882390000047989812,2019-05-14,True
89882390000047989820,2019-05-10,True
89882390000047989838,2019-05-14,True
89882390000047989846,2019-05-10,True
89882390000047989853,2019-05-22,True
89882390000047989861,2019-05-13,True
89882390000047989879,2019-05-10,True
89882390000047989887,2019-07-25,True
89882390000047989895,2019-05-11,True
89882390000047989903,2019-05-11,True
89882390000047989911,2019-05-11,True
89882390000047989929,2019-05-10,True
89882390000047989937,2019-05-31,True
89882390000047989952,2022-02-12,True
89882390000047989960,2019-04-26,True
89882390000047989978,2019-05-17,True
89882390000047989986,2019-04-26,True
89882390000047989994,2019-04-12,True
89882390000047990000,2019-04-27,True
89882390000047990018,2019-04-25,True
89882390000047990026,2019-04-05,True
89882390000047990075,2019-01-07,True
89882390000047990091,2019-01-14,True
89882390000047990109,2019-01-03,True
89882390000047990323,2022-02-11,True
89882390000047990349,2019-03-22,True
89882390000047990364,2019-04-04,True
89882390000093993874,2020-06-04,True
89882390000093993882,2020-06-04,True
89882390000093993890,2020-06-04,True
89882390000093993908,2020-06-04,True
89882390000093993916,2020-06-04,True
89882390000093993924,2020-06-04,True
89882390000093993932,2021-01-18,True
89882390000093993940,2020-06-04,True
89882390000093993957,2020-06-04,True
89882390000093993965,2020-06-04,True
89882390000093993973,2020-06-04,True
89882390000093993981,2020-06-04,True
89882390000093993999,2020-06-03,True
89882390000093994005,2020-06-03,True
89882390000093994013,2020-06-03,True
89882390000093994021,2020-06-03,True
89882390000093994039,2020-06-03,True
89882390000093994047,2020-06-04,True
89882390000093994054,2020-06-04,True
89882390000093994062,2020-06-04,True
89882390000093994070,2020-06-04,True
89882390000093994088,2020-06-04,True
89882390000093994096,2020-06-04,True
89882390000093994104,2020-06-04,True
89882390000093994112,2020-06-04,True
89882390000093994120,2020-06-04,True
89882390000093994138,2020-06-04,True
89882390000093994146,2020-06-04,True
89882390000093994153,2020-06-04,True
89882390000093994161,2020-06-04,True
89882390000093994179,2020-06-04,True
89882390000093994187,2020-06-04,True
89882390000093994195,2020-06-03,True
89882390000093994203,2020-06-03,True
89882390000093994211,2020-06-03,True
89882390000093994229,2020-06-04,True
89882390000093994237,2020-06-03,True
89882390000093994245,2021-01-18,True
89882390000093994252,2020-06-04,True
89882390000093994260,2020-06-04,True
89882390000093994278,2020-06-04,True
89882390000093994286,2020-06-03,True
89882390000093994294,2020-06-03,True
89882390000093994302,2020-06-03,True
89882390000093994310,2020-06-03,True
89882390000093994328,2020-06-03,True
89882390000093994336,2020-06-03,True
89882390000093994344,2020-06-03,True
89882390000093994351,2020-06-04,True
89882390000093994369,2020-06-04,True
89882390000093994377,2020-06-04,True
89882390000093994385,2020-06-04,True
89882390000093994393,2020-06-04,True
89882390000093994401,2020-06-04,True
89882390000093994419,2020-06-04,True
89882390000093994427,2020-06-04,True
89882390000093994435,2020-06-03,True
89882390000093994443,2020-06-03,True
89882390000093994450,2020-06-03,True
89882390000093994468,2020-06-03,True
89882390000093994476,2020-06-04,True
89882390000093994484,2020-06-04,True
89882390000093994492,2020-06-04,True
89882390000093994500,2020-06-04,True
89882390000093994518,2021-01-18,True
89882390000093994526,2020-06-04,True
89882390000093994534,2020-06-04,True
89882390000093994542,2020-06-04,True
89882390000093994559,2020-06-03,True
89882390000093994567,2020-06-04,True
89882390000093994575,2020-06-04,True
89882390000093994583,2020-06-04,True
89882390000093994591,2020-06-04,True
89882390000093994609,2020-06-04,True
89882390000093994617,2020-06-04,True
89882390000093994625,2020-06-04,True
89882390000093994633,2020-06-04,True
89882390000093994641,2020-06-04,True
89882390000093994658,2020-06-04,True
89882390000093994666,2020-06-04,True
89882390000093994674,2020-06-04,True
89882390000093994682,2020-06-04,True
89882390000093994690,2020-06-04,True
89882390000093994708,2020-06-04,True
89882390000093994716,2020-06-04,True
89882390000093994724,2020-06-04,True
89882390000093994732,2020-06-04,True
89882390000093994740,2020-06-04,True
89882390000093994757,2020-06-04,True
89882390000093994765,2020-06-04,True
89882390000093994773,2020-06-03,True
89882390000093994781,2020-06-04,True
89882390000093994799,2020-06-04,True
89882390000093994807,2020-06-04,True
89882390000093994815,2020-06-04,True
89882390000093994823,2020-06-04,True
89882390000093994831,2020-06-04,True
89882390000093994849,2020-06-04,True
89882390000093994856,2020-06-04,True
89882390000093994864,2020-06-04,True
89882390000093994872,2020-06-11,True
89882390000093994880,2020-06-11,True
89882390000093994898,2020-06-11,True
89882390000093994906,2020-06-11,True
89882390000093994914,2020-07-17,True
89882390000093994922,2020-07-16,True
89882390000093994930,2020-07-17,True
89882390000093994948,2020-07-16,True
89882390000093994955,2020-07-17,True
89882390000093994963,2020-07-16,True
89882390000093994971,2020-07-16,True
89882390000093994989,2020-07-16,True
89882390000093994997,2020-07-17,True
89882390000093995002,2020-07-17,True
89882390000093995010,2020-07-17,True
89882390000093995028,2020-07-17,True
89882390000093995036,2020-07-17,True
89882390000093995044,2020-07-17,True
89882390000093995051,2020-07-16,True
89882390000093995069,2020-07-17,True
89882390000093995077,2020-07-16,True
89882390000093995085,2020-07-16,True
89882390000093995093,2020-11-13,True
89882390000093995101,2020-07-17,True
89882390000093995119,2020-07-16,True
89882390000093995127,2020-07-17,True
89882390000093995135,2020-07-16,True
89882390000093995143,2020-07-16,True
89882390000093995150,2020-06-11,True
89882390000093995168,2020-06-11,True
89882390000093995176,2020-06-11,True
89882390000093995184,2020-06-11,True
89882390000093995192,2020-07-17,True
89882390000093995200,2020-07-17,True
89882390000093995218,2020-07-16,True
89882390000093995226,2020-07-16,True
89882390000093995234,2020-07-16,True
89882390000093995242,2020-06-11,True
89882390000093995259,2020-07-16,True
89882390000093995267,2020-07-16,True
89882390000093995275,2020-07-16,True
89882390000093995283,2020-07-16,True
89882390000093995309,2020-07-16,True
89882390000093995317,2020-07-16,True
89882390000093995325,2020-07-16,True
89882390000093995333,2020-07-16,True
89882390000093995341,2020-07-16,True
89882390000093995358,2020-07-16,True
89882390000093995366,2020-07-16,True
89882390000093995374,2020-07-16,True
89882390000093995382,2020-07-16,True
89882390000093995390,2020-07-16,True
89882390000093995408,2020-07-16,True
89882390000093995416,2020-07-17,True
89882390000093995424,2020-07-16,True
89882390000093995432,2020-06-11,True
89882390000093995440,2020-06-11,True
89882390000093995457,2020-06-11,True
89882390000093995465,2020-06-11,True
89882390000093995473,2020-07-16,True
89882390000093995481,2020-07-16,True
89882390000093995499,2021-01-18,True
89882390000093995507,2020-07-16,True
89882390000093995515,2020-07-15,True
89882390000093995523,2020-07-16,True
89882390000093995531,2020-12-02,True
89882390000093995549,2021-01-18,True
89882390000093995556,2020-07-16,True
89882390000093995564,2020-07-17,True
89882390000093995572,2021-01-18,True
89882390000093995580,2020-07-17,True
89882390000093995598,2020-06-11,True
89882390000093995606,2020-06-11,True
89882390000093995614,2020-06-11,True
89882390000093995622,2020-06-11,True
89882390000093995630,2020-06-11,True
89882390000093995655,2020-06-11,True
89882390000093995663,2020-06-11,True
89882390000093995671,2020-06-11,True
89882390000093995689,2020-07-17,True
89882390000093995697,2020-06-11,True
89882390000093995705,2020-07-16,True
89882390000093995713,2020-07-17,True
89882390000093995721,2021-01-14,True
89882390000093995739,2020-07-16,True
89882390000093995747,2020-07-16,True
89882390000093995754,2020-07-16,True
89882390000093995762,2020-06-11,True
89882390000093995770,2020-06-11,True
89882390000093995788,2020-07-16,True
89882390000093995796,2020-06-11,True
89882390000093995804,2020-06-11,True
89882390000093995812,2020-06-11,True
89882390000093995820,2020-06-11,True
89882390000093995838,2020-06-11,True
89882390000093995846,2020-07-16,True
89882390000093995853,2021-01-18,True
89882390000093995861,2020-07-17,True
89882390000093995879,2020-07-16,True
89882390000093995887,2021-01-18,True
89882390000093995895,2020-07-16,True
89882390000093995903,2020-07-16,True
89882390000093995911,2020-07-17,True
89882390000093995929,2020-07-16,True
89882390000093995937,2020-07-16,True
89882390000093995945,2020-07-16,True
89882390000093995952,2020-07-16,True
89882390000093995960,2020-06-11,True
89882390000093995978,2020-06-11,True
89882390000093995986,2020-06-11,True
89882390000093995994,2020-06-11,True
89882390000093996000,2020-06-11,True
89882390000093996018,2020-06-11,True
89882390000093996026,2020-06-11,True
89882390000093996034,2020-06-11,True
89882390000093996042,2020-06-11,True
89882390000093996059,2020-06-11,True
89882390000093996067,2020-06-11,True
89882390000093996075,2020-06-11,True
89882390000093996083,2020-06-11,True
89882390000093996091,2020-06-11,True
89882390000093996109,2020-06-11,True
89882390000093996117,2020-06-11,True
89882390000093996125,2020-07-17,True
89882390000093996133,2020-07-16,True
89882390000093996141,2020-07-16,True
89882390000093996158,2020-07-16,True
89882390000093996166,2020-07-16,True
89882390000093996174,2020-07-16,True
89882390000093996182,2020-07-16,True
89882390000093996190,2020-07-16,True
89882390000093996208,2020-07-16,True
89882390000093996216,2020-07-16,True
89882390000093996224,2020-07-16,True
89882390000093996232,2020-07-17,True
89882390000093996240,2020-07-17,True
89882390000093996257,2020-07-17,True
89882390000093996265,2020-07-16,True
89882390000093996273,2020-07-17,True
89882390000093996281,2020-06-11,True
89882390000093996299,2020-06-11,True
89882390000093996307,2020-06-11,True
89882390000093996315,2020-06-11,True
89882390000093996323,2020-06-11,True
89882390000093996331,2020-06-11,True
89882390000093996349,2020-06-11,True
89882390000093996356,2020-06-11,True
89882390000093996364,2020-06-11,True
89882390000093996372,2020-06-11,True
89882390000093996398,2020-09-24,True
89882390000093996406,2020-09-25,True
89882390000093996414,2021-03-05,True
89882390000093996422,2021-03-05,True
89882390000093996430,2021-02-04,True
89882390000093996448,2021-01-21,True
89882390000093996455,2021-01-21,True
89882390000093996463,2021-03-05,True
89882390000093996471,2021-03-05,True
89882390000093996489,2020-12-07,True
89882390000093996497,2021-01-21,True
89882390000093996505,2021-03-05,True
89882390000093996513,2021-03-05,True
89882390000093996521,2021-03-05,True
89882390000093996539,2021-03-05,True
89882390000093996547,2021-03-05,True
89882390000093996554,2021-03-05,True
89882390000093996562,2021-03-05,True
89882390000093996570,2021-01-21,True
89882390000093996588,2021-03-05,True
89882390000093996596,2021-01-21,True
89882390000093996604,2021-03-05,True
89882390000093996612,2021-01-21,True
89882390000093996620,2021-01-21,True
89882390000093996638,2021-01-21,True
89882390000093996646,2021-03-05,True
89882390000093996653,2020-11-27,True
89882390000093996661,2021-04-14,True
89882390000093996679,2021-01-21,True
89882390000093996687,2021-01-21,True
89882390000093996695,2021-01-21,True
89882390000093996703,2021-01-21,True
89882390000093996711,2020-11-27,True
89882390000093996729,2021-02-02,True
89882390000093996737,2021-02-03,True
89882390000093996745,2021-02-03,True
89882390000093996760,2021-01-18,True
89882390000093996778,2021-03-19,True
89882390000093996794,2021-11-19,True
89882390000093996802,2022-05-27,True
89882390000093996810,2022-05-27,True
89882390000093996836,2022-05-27,True
89882390000093996844,2021-01-16,True
89882390000093996877,2021-04-30,True
89882390000093996885,2021-04-30,True
89882390000093996893,2021-04-30,True
89882390000093996901,2021-04-30,True
89882390000093996919,2021-04-30,True
89882390000093996927,2021-04-30,True
89882390000093996935,2021-04-30,True
89882390000093996943,2021-04-30,True
89882390000093996950,2021-04-30,True
89882390000093996968,2021-04-30,True
89882390000093996976,2021-04-30,True
89882390000093996984,2021-04-30,True
89882390000093996992,2021-04-30,True
89882390000093997008,2021-04-30,True
89882390000093997016,2021-04-30,True
89882390000093997024,2021-07-02,True
89882390000093997032,2021-04-30,True
89882390000093997040,2021-04-30,True
89882390000093997057,2021-04-30,True
89882390000093997065,2021-07-02,True
89882390000093997073,2021-04-30,True
89882390000093997081,2021-04-30,True
89882390000093997099,2021-04-30,True
89882390000093997107,2021-04-30,True
89882390000093997115,2021-04-30,True
89882390000093997123,2021-04-30,True
89882390000093997131,2021-04-30,True
89882390000093997149,2021-04-30,True
89882390000093997156,2021-04-30,True
89882390000093997164,2021-04-30,True
89882390000093997172,2021-04-30,True
89882390000093997180,2021-04-30,True
89882390000093997198,2021-04-30,True
89882390000093997206,2021-04-30,True
89882390000093997214,2021-04-30,True
89882390000093997222,2021-04-30,True
89882390000093997230,2021-04-30,True
89882390000093997248,2021-04-30,True
89882390000093997255,2021-04-30,True
89882390000093997263,2021-04-30,True
89882390000093997271,2021-04-23,True
89882390000093997289,2021-04-23,True
89882390000093997297,2021-04-23,True
89882390000093997305,2021-04-16,True
89882390000093997313,2021-04-23,True
89882390000093997321,2021-07-02,True
89882390000093997339,2021-04-23,True
89882390000093997347,2021-04-23,True
89882390000093997354,2021-04-23,True
89882390000093997362,2021-04-23,True
89882390000093997370,2021-04-23,True
89882390000093997388,2021-04-23,True
89882390000093997396,2021-04-23,True
89882390000093997404,2021-04-23,True
89882390000093997412,2021-04-23,True
89882390000093997420,2021-04-23,True
89882390000093997438,2021-04-23,True
89882390000093997446,2021-04-23,True
89882390000093997453,2021-04-23,True
89882390000093997461,2021-04-16,True
89882390000093997479,2021-04-23,True
89882390000093997487,2021-04-23,True
89882390000093997495,2021-04-23,True
89882390000093997503,2021-04-23,True
89882390000093997511,2021-04-23,True
89882390000093997529,2021-04-23,True
89882390000093997537,2021-04-23,True
89882390000093997545,2021-04-16,True
89882390000093997552,2021-04-23,True
89882390000093997560,2021-04-23,True
89882390000093997578,2021-04-23,True
89882390000093997586,2021-04-23,True
89882390000093997594,2021-04-16,True
89882390000093997602,2021-04-16,True
89882390000093997610,2021-04-16,True
89882390000093997628,2021-04-16,True
89882390000093997636,2021-04-23,True
89882390000093997644,2021-04-23,True
89882390000093997651,2021-04-23,True
89882390000093997669,2021-04-23,True
89882390000093997677,2021-04-23,True
89882390000093997685,2021-04-23,True
89882390000093997693,2021-04-23,True
89882390000093997701,2021-04-23,True
89882390000093997719,2021-04-16,True
89882390000093997727,2021-04-16,True
89882390000093997735,2021-04-23,True
89882390000093997743,2021-04-23,True
89882390000093997750,2021-04-23,True
89882390000093997768,2021-04-16,True
89882390000093997776,2021-04-16,True
89882390000093997784,2021-04-23,True
89882390000093997792,2021-04-16,True
89882390000093997800,2021-04-16,True
89882390000093997818,2021-04-16,True
89882390000093997826,2021-04-16,True
89882390000093997834,2021-04-23,True
89882390000093997842,2021-04-16,True
89882390000093997859,2021-04-16,True
89882390000093997867,2021-04-16,True
89882390000093997875,2021-04-16,True
89882390000093997883,2021-04-16,True
89882390000093997891,2021-04-16,True
89882390000093997909,2021-04-16,True
89882390000093997917,2021-04-23,True
89882390000093997925,2021-04-23,True
89882390000093997933,2021-04-23,True
89882390000093997941,2021-04-23,True
89882390000093997958,2021-04-23,True
89882390000093997966,2021-07-02,True
89882390000093997974,2021-07-02,True
89882390000093997982,2021-07-02,True
89882390000093997990,2021-04-16,True
89882390000093998006,2021-07-02,True
89882390000093998014,2021-04-23,True
89882390000093998022,2021-07-02,True
89882390000093998030,2021-07-02,True
89882390000093998048,2021-04-16,True
89882390000093998055,2021-04-16,True
89882390000093998063,2021-04-23,True
89882390000093998071,2021-04-23,True
89882390000093998089,2021-04-23,True
89882390000093998097,2021-07-02,True
89882390000093998105,2021-04-16,True
89882390000093998113,2021-04-23,True
89882390000093998121,2021-04-23,True
89882390000093998139,2021-04-23,True
89882390000093998147,2021-04-23,True
89882390000093998154,2021-04-23,True
89882390000093998162,2021-04-23,True
89882390000093998170,2021-04-23,True
89882390000093998188,2021-07-02,True
89882390000093998196,2021-07-02,True
89882390000093998204,2021-07-02,True
89882390000093998212,2021-04-23,True
89882390000093998220,2021-07-02,True
89882390000093998238,2021-04-16,True
89882390000093998246,2021-04-23,True
89882390000093998253,2021-04-16,True
89882390000093998261,2021-04-23,True
89882390000093998279,2021-07-02,True
89882390000093998287,2021-04-23,True
89882390000093998295,2021-07-02,True
89882390000093998303,2021-04-23,True
89882390000093998311,2021-07-02,True
89882390000093998329,2021-04-23,True
89882390000093998337,2021-07-02,True
89882390000093998345,2021-07-02,True
89882390000093998352,2021-07-02,True
89882390000093998360,2021-07-02,True
89882390000093998378,2021-04-23,True
89882390000093998386,2021-04-23,True
89882390000093998394,2021-04-23,True
89882390000093998402,2021-04-23,True
89882390000093998410,2021-04-23,True
89882390000093998428,2021-07-02,True
89882390000093998436,2021-07-02,True
89882390000093998444,2021-07-02,True
89882390000093998451,2021-04-23,True
89882390000093998469,2021-07-02,True
89882390000093998477,2021-08-03,True
89882390000093998485,2021-08-03,True
89882390000093998493,2021-08-03,True
89882390000093998501,2021-08-03,True
89882390000093998519,2021-08-03,True
89882390000093998527,2021-08-03,True
89882390000093998535,2021-08-03,True
89882390000093998543,2021-08-03,True
89882390000093998550,2021-08-03,True
89882390000093998568,2021-08-03,True
89882390000093998576,2021-08-03,True
89882390000093998584,2021-08-03,True
89882390000093998592,2021-08-03,True
89882390000093998600,2021-08-03,True
89882390000093998618,2021-08-03,True
89882390000093998626,2021-08-03,True
89882390000093998634,2021-08-03,True
89882390000093998642,2021-08-03,True
89882390000093998659,2021-08-03,True
89882390000093998667,2021-08-03,True
89882390000093998675,2021-07-14,True
89882390000093998683,2021-11-10,True
89882390000093998691,2021-11-11,True
89882390000093998709,2021-05-27,True
89882390000093998717,2021-11-19,True
89882390000093998725,2021-11-15,True
89882390000093998733,2021-11-19,True
89882390000093998741,2021-11-18,True
89882390000093998758,2021-11-19,True
89882390000093998766,2021-11-18,True
89882390000093998774,2021-11-18,True
89882390000093998782,2021-11-18,True
89882390000093998790,2021-11-15,True
89882390000094008870,2022-05-04,True
89882390000094008888,2021-11-25,True
89882390000094008912,2021-11-12,True
89882390000094008938,2022-05-04,True
89882390000094008979,2022-05-04,True
89882390000094009019,2021-02-10,True
89882390000094009027,2022-05-05,True
89882390000094009035,2021-03-15,True
89882390000094009043,2021-02-10,True
89882390000094009050,2021-02-10,True
89882390000094009068,2022-05-06,True
89882390000094009076,2021-02-10,True
89882390000094009084,2021-02-10,True
89882390000094009258,2022-05-06,True
89882390000094009266,2021-11-24,True
89882390000094009274,2021-12-01,True
89882390000094009282,2021-12-01,True
89882390000094009290,2021-12-01,True
89882390000094009308,2021-02-10,True
89882390000094009316,2022-05-06,True
89882390000094009324,2021-02-10,True
89882390000094009423,2022-05-06,True
89882390000094009589,2022-05-05,True
89882390000094009605,2022-05-04,True
89882390000094009613,2022-05-05,True
89882390000094009621,2021-02-10,True
89882390000094009639,2021-02-10,True
89882390000094009738,2021-02-10,True
89882390000094009753,2022-05-05,True
89882390000094009761,2022-05-04,True
89882390000094009779,2022-05-06,True
89882390000094009787,2021-11-12,True
89882390000094009795,2022-05-05,True
89882390000094009803,2021-12-01,True
89882390000094009977,2021-02-10,True
89882390000094009985,2022-05-06,True
89882390000094009993,2021-11-12,True
89882390000094010009,2021-12-01,True
89882390000094010017,2022-05-05,True
89882390000094010025,2022-05-16,True
89882390000094010041,2021-02-10,True
89882390000094010272,2022-05-06,True
89882390000094010298,2021-01-29,True
89882390000094010314,2021-01-28,True
89882390000094010322,2021-01-28,True
89882390000094010330,2021-01-28,True
89882390000094010348,2021-01-28,True
89882390000094010355,2021-02-10,True
89882390000094010397,2022-05-05,True
89882390000094010421,2022-05-04,True
89882390000094010439,2022-05-05,True
89882390000094010900,2023-04-18,True
89882390000094010918,2022-05-06,True
89882390000094010959,2023-04-18,True
89882390000094011007,2022-05-04,True
89882390000094011072,2022-05-04,True
89882390000094011106,2023-04-18,True
89882390000094011189,2022-05-05,True
89882390000094011205,2022-05-05,True
89882390000094011262,2022-05-06,True
89882390000094011338,2021-02-10,True
89882390000094011353,2022-05-05,True
89882390000094011361,2022-05-05,True
89882390000094011379,2021-11-23,True
89882390000094011387,2021-02-10,True
89882390000094011395,2021-01-28,True
89882390000094011403,2021-12-01,True
89882390000094011411,2022-05-04,True
89882390000094011619,2022-05-05,True
89882390000094011825,2022-05-05,True
89882390000094011833,2022-05-04,True
89882390000094011841,2021-12-01,True
89882390000094011890,2021-02-10,True
89882390000094011908,2021-01-28,True
89882390000094011957,2021-01-28,True
89882390000094012062,2021-02-10,True
89882390000094012211,2021-02-10,True
89882390000094012229,2021-01-28,True
89882390000094012237,2022-05-06,True
89882390000094012245,2021-01-28,True
89882390000094012252,2021-01-28,True
89882390000094012260,2021-01-28,True
89882390000094012336,2023-04-24,True
89882390000094012369,2022-05-04,True
89882390000094012377,2022-05-04,True
89882390000094012526,2023-04-18,True
89882390000094012609,2022-05-06,True
89882390000094012682,2022-05-06,True
89882390000094012724,2022-05-06,True
89882390000094012740,2022-05-04,True
89882390000094012757,2022-05-06,True
89882390000094012781,2022-05-04,True
89882390000094012815,2022-05-05,True
89882390000094012823,2021-12-01,True
89882390000094012864,2022-05-06,True
89882390000094012872,2022-05-04,True
89882390000094012880,2022-05-06,True
89882390000094012930,2021-01-28,True
89882390000094012963,2021-01-28,True
89882390000094012989,2021-01-28,True
89882390000094012997,2021-01-28,True
89882390000094013003,2021-01-28,True
89882390000094013177,2022-05-04,True
89882390000094013185,2021-12-01,True
89882390000094013219,2022-05-04,True
89882390000094013235,2021-11-25,True
89882390000094013243,2022-05-05,True
89882390000094013334,2022-05-04,True
89882390000094013490,2021-01-28,True
89882390000094013508,2021-02-10,True
89882390000094013524,2021-01-28,True
89882390000094013532,2021-01-28,True
89882390000094013540,2021-01-28,True
89882390000094013565,2021-01-28,True
89882390000094013672,2021-12-01,True
89882390000094013680,2022-05-05,True
89882390000094013698,2021-02-10,True
89882390000094013706,2022-05-04,True
89882390000094013714,2022-05-05,True
89882390000094013722,2021-12-01,True
89882390000094013763,2022-05-06,True
89882390000094013797,2022-05-04,True
89882390000094013813,2022-05-27,True
89882390000094013821,2022-05-27,True
89882390000094013839,2022-05-27,True
89882390000094013854,2022-05-27,True
89882390000121291721,2021-07-10,True
89882390000121291739,2022-01-26,True
89882390000121291754,2021-09-03,True
89882390000121291770,2021-10-22,True
89882390000121291788,2021-11-12,True
89882390000121291796,2021-11-17,True
89882390000121291804,2022-03-30,True
89882390000203207223,2022-05-26,True
89882390000203207231,2022-05-26,True
89882390000203207249,2021-11-19,True
89882390000203207256,2021-11-19,True
89882390000203207264,2021-11-10,True
89882390000203207272,2022-05-26,True
89882390000203207280,2021-11-19,True
89882390000203207298,2021-11-10,True
89882390000203207306,2021-11-18,True
89882390000203207314,2021-11-18,True
89882390000203207322,2021-11-19,True
89882390000203207330,2021-11-18,True
89882390000203207348,2021-11-18,True
89882390000203207355,2021-11-19,True
89882390000203207363,2021-11-19,True
89882390000203207371,2021-11-10,True
89882390000203207389,2021-10-15,True
89882390000203207397,2022-02-12,True
89882390000203207405,2021-11-10,True
89882390000203207413,2022-05-26,True
89882390000203207439,2021-11-19,True
89882390000203207447,2021-11-19,True
89882390000203207454,2021-11-18,True
89882390000203207462,2021-11-19,True
89882390000203207470,2021-11-18,True
89882390000203207488,2021-11-24,True
89882390000203207496,2021-11-19,True
89882390000203207504,2021-11-19,True
89882390000203207512,2021-11-18,True
89882390000203207520,2021-11-18,True
89882390000203207538,2021-11-19,True
89882390000203207546,2021-11-19,True
89882390000203207553,2022-05-26,True
89882390000203207561,2022-02-18,True
89882390000203207579,2022-10-19,True
89882390000203207587,2022-01-31,True
89882390000203207595,2022-01-31,True
89882390000203207603,2022-05-02,True
89882390000203207611,2022-01-31,True
89882390000203207629,2022-05-02,True
89882390000203207637,2022-01-31,True
89882390000203207645,2022-01-31,True
89882390000203207652,2022-05-02,True
89882390000203207660,2022-05-02,True
89882390000203207678,2021-12-14,True
89882390000203207686,2022-05-03,True
89882390000203207694,2022-05-03,True
89882390000203207702,2022-01-31,True
89882390000203207710,2022-05-02,True
89882390000203207728,2022-05-02,True
89882390000203207736,2022-05-03,True
89882390000203207744,2022-05-02,True
89882390000203207751,2022-05-04,True
89882390000203207777,2022-05-04,True
89882390000203207785,2022-05-02,True
89882390000203207793,2022-05-02,True
89882390000203207801,2022-05-03,True
89882390000203207819,2022-05-03,True
89882390000203207827,2021-12-16,True
89882390000203207835,2022-05-03,True
89882390000203207843,2022-05-03,True
89882390000203207850,2022-05-03,True
89882390000203207868,2021-12-16,True
89882390000203207876,2022-02-04,True
89882390000203207884,2021-12-16,True
89882390000203207892,2022-05-02,True
89882390000203207900,2022-05-03,True
89882390000203207918,2022-05-02,True
89882390000203207926,2021-12-16,True
89882390000203207934,2022-03-01,True
89882390000203207942,2022-05-02,True
89882390000203207959,2021-12-08,True
89882390000203207967,2022-03-01,True
89882390000203207975,2022-05-03,True
89882390000203207983,2022-05-03,True
89882390000203207991,2022-05-03,True
89882390000203208007,2022-01-31,True
89882390000203208015,2021-11-19,True
89882390000203208023,2021-06-10,True
89882390000203208031,2021-05-14,True
89882390000203208049,2021-05-14,True
89882390000203208056,2021-05-14,True
89882390000203208080,2021-06-09,True
89882390000203208106,2021-06-10,True
89882390000203208213,2021-05-20,True
89882390000203208247,2021-06-10,True
89882390000203208312,2021-06-09,True
89882390000203208320,2021-06-09,True
89882390000203208338,2021-06-09,True
89882390000203208346,2021-05-20,True
89882390000203208361,2021-05-20,True
89882390000203208395,2021-06-10,True
89882390000203208403,2021-06-10,True
89882390000203208411,2021-06-09,True
89882390000203208429,2021-06-09,True
89882390000203208437,2021-05-20,True
89882390000203208445,2021-06-09,True
89882390000203208452,2021-05-20,True
89882390000203208478,2021-06-10,True
89882390000203208528,2021-05-20,True
89882390000203208536,2021-05-20,True
89882390000203208544,2021-05-20,True
89882390000203208551,2021-06-03,True
89882390000203208569,2021-05-19,True
89882390000203208577,2021-05-20,True
89882390000203208593,2021-05-19,True
89882390000203208635,2021-05-20,True
89882390000203208643,2021-05-20,True
89882390000203208650,2021-05-20,True
89882390000203208676,2021-06-09,True
89882390000203208684,2021-06-09,True
89882390000203208692,2021-06-09,True
89882390000203208700,2021-05-13,True
89882390000203208718,2021-05-14,True
89882390000203208726,2021-05-13,True
89882390000203208734,2021-05-14,True
89882390000203208742,2021-05-13,True
89882390000203208759,2021-05-13,True
89882390000203208767,2021-05-13,True
89882390000203208775,2021-05-13,True
89882390000203208783,2021-05-14,True
89882390000203208791,2021-05-19,True
89882390000203208809,2021-05-14,True
89882390000203208817,2021-05-13,True
89882390000203208825,2021-05-14,True
89882390000203208833,2021-05-14,True
89882390000203208841,2021-05-19,True
89882390000203208858,2021-05-14,True
89882390000203208866,2021-05-14,True
89882390000203208874,2021-05-19,True
89882390000203208882,2021-05-14,True
89882390000203208890,2021-05-14,True
89882390000203208908,2021-05-14,True
89882390000203208916,2021-05-13,True
89882390000203208924,2021-05-19,True
89882390000203208940,2021-05-13,True
89882390000203208957,2021-05-14,True
89882390000203208965,2021-05-14,True
89882390000203208973,2021-05-14,True
89882390000203208981,2021-05-14,True
89882390000203208999,2021-05-14,True
89882390000203209005,2021-05-14,True
89882390000203209013,2021-05-13,True
89882390000203209039,2021-11-18,True
89882390000203209054,2021-11-10,True
89882390000203209062,2021-11-10,True
89882390000203222214,2022-07-08,True
89882390000203222222,2022-07-13,True
89882390000203222230,2022-07-13,True
89882390000203222248,2022-07-08,True
89882390000203222255,2022-08-23,True
89882390000203222263,2022-08-23,True
89882390000203222271,2022-08-23,True
89882390000203222289,2022-08-24,True
89882390000203222297,2022-07-08,True
89882390000203222305,2022-07-07,True
89882390000203222313,2022-07-07,True
89882390000203222321,2022-07-08,True
89882390000203222339,2022-07-07,True
89882390000203222347,2022-08-24,True
89882390000203222354,2022-07-07,True
89882390000203222362,2022-07-07,True
89882390000203222370,2022-08-19,True
89882390000203222388,2022-08-18,True
89882390000203222396,2022-08-16,True
89882390000203222404,2022-08-18,True
89882390000203222412,2022-08-18,True
89882390000203222420,2022-07-07,True
89882390000203222438,2022-07-07,True
89882390000203222453,2022-08-23,True
89882390000203222461,2022-08-19,True
89882390000203222479,2022-08-18,True
89882390000203222487,2022-08-19,True
89882390000203222495,2022-07-08,True
89882390000203222503,2022-07-07,True
89882390000203222511,2022-08-23,True
89882390000203222529,2022-07-07,True
89882390000203222545,2022-08-17,True
89882390000203222552,2022-07-07,True
89882390000203222560,2022-08-18,True
89882390000203222578,2022-08-18,True
89882390000203222586,2022-08-18,True
89882390000203222594,2022-08-18,True
89882390000203222602,2022-08-18,True
89882390000203222610,2022-07-07,True
89882390000203222628,2022-08-19,True
89882390000203222636,2022-08-18,True
89882390000203222644,2022-08-17,True
89882390000203222651,2022-07-08,True
89882390000203222669,2022-08-22,True
89882390000203222677,2022-07-07,True
89882390000203222685,2022-07-07,True
89882390000203222693,2022-08-23,True
89882390000203222701,2022-08-23,True
89882390000203222719,2022-08-22,True
89882390000203222727,2022-08-24,True
89882390000203222735,2022-08-18,True
89882390000203222743,2022-07-07,True
89882390000203222750,2022-07-07,True
89882390000203222768,2022-08-23,True
89882390000203222776,2022-08-16,True
89882390000203222784,2022-08-18,True
89882390000203222792,2022-07-07,True
89882390000203222800,2022-08-18,True
89882390000203222818,2022-08-18,True
89882390000203222826,2022-08-22,True
89882390000203222834,2022-07-07,True
89882390000203222842,2022-07-08,True
89882390000203222859,2022-02-07,True
89882390000203222867,2022-02-28,True
89882390000203222875,2022-02-07,True
89882390000203222883,2022-02-07,True
89882390000203222891,2022-08-23,True
89882390000203222909,2022-08-16,True
89882390000203222917,2022-07-07,True
89882390000203222925,2022-08-24,True
89882390000203222933,2022-02-28,True
89882390000203222941,2022-02-07,True
89882390000203222958,2022-02-28,True
89882390000203222966,2022-03-02,True
89882390000203222974,2022-02-28,True
89882390000203222982,2022-02-28,True
89882390000203222990,2022-02-28,True
89882390000203223006,2022-02-28,True
89882390000203223014,2022-03-02,True
89882390000203223022,2022-05-24,True
89882390000203223030,2022-03-02,True
89882390000203223048,2022-03-02,True
89882390000203223055,2022-03-02,True
89882390000203223063,2022-03-03,True
89882390000203223071,2022-03-02,True
89882390000203223089,2022-02-28,True
89882390000203223097,2022-02-28,True
89882390000203223105,2022-02-07,True
89882390000203223113,2022-02-28,True
89882390000203223121,2022-02-28,True
89882390000203223139,2022-03-03,True
89882390000203223147,2022-03-02,True
89882390000203223154,2022-03-03,True
89882390000203223162,2022-03-03,True
89882390000203223170,2022-03-02,True
89882390000203223188,2022-03-03,True
89882390000203223196,2022-03-03,True
89882390000203223204,2022-02-07,True
89882390000203223212,2022-07-13,True
89882390000203223220,2022-07-13,True
89882390000203223238,2022-07-08,True
89882390000203223246,2022-07-08,True
89882390000203223253,2022-07-13,True
89882390000203223261,2022-07-14,True
89882390000203223279,2022-05-11,True
89882390000203223287,2022-07-14,True
89882390000203223295,2022-07-13,True
89882390000203223303,2022-07-13,True
89882390000203223311,2022-03-03,True
89882390000203223329,2022-03-02,True
89882390000203223337,2022-07-15,True
89882390000203223345,2022-07-14,True
89882390000203223352,2022-05-12,True
89882390000203223360,2022-07-13,True
89882390000203223378,2022-07-14,True
89882390000203223386,2022-07-14,True
89882390000203223394,2022-07-14,True
89882390000203223402,2022-05-11,True
89882390000203223410,2022-07-14,True
89882390000203223428,2022-07-14,True
89882390000203223436,2022-07-14,True
89882390000203223444,2022-07-14,True
89882390000203223451,2022-07-14,True
89882390000203223469,2022-07-14,True
89882390000203223477,2022-07-14,True
89882390000203223485,2022-05-12,True
89882390000203223493,2022-07-15,True
89882390000203223501,2022-07-14,True
89882390000203223519,2022-07-14,True
89882390000203223527,2022-07-13,True
89882390000203223535,2022-05-16,True
89882390000203223543,2022-07-14,True
89882390000203223550,2022-05-13,True
89882390000203223568,2022-07-14,True
89882390000203223576,2022-07-13,True
89882390000203223584,2022-08-24,True
89882390000203223592,2022-07-13,True
89882390000203223600,2022-08-18,True
89882390000203223618,2022-07-13,True
89882390000203223626,2022-07-13,True
89882390000203223634,2022-07-13,True
89882390000203223642,2022-07-13,True
89882390000203223659,2022-07-13,True
89882390000203223667,2022-07-13,True
89882390000203223675,2022-07-14,True
89882390000203223683,2022-07-13,True
89882390000203223691,2022-07-08,True
89882390000203223709,2022-07-08,True
89882390000203223717,2022-07-08,True
89882390000203223725,2022-07-08,True
89882390000203223733,2022-08-23,True
89882390000203223741,2022-07-13,True
89882390000203223758,2022-07-13,True
89882390000203223766,2022-07-13,True
89882390000203223774,2022-07-14,True
89882390000203223782,2022-05-24,True
89882390000203223790,2022-07-13,True
89882390000203223808,2022-07-14,True
89882390000203223816,2022-03-02,True
89882390000203223824,2022-05-24,True
89882390000203223832,2022-07-14,True
89882390000203223840,2022-05-25,True
89882390000203223857,2022-07-14,True
89882390000203223865,2022-07-13,True
89882390000203223873,2022-05-13,True
89882390000203223881,2022-07-14,True
89882390000203223899,2022-03-02,True
89882390000203223907,2022-05-24,True
89882390000203223923,2022-05-24,True
89882390000203223931,2022-07-14,True
89882390000203223949,2022-07-14,True
89882390000203223956,2022-05-11,True
89882390000203223964,2022-05-24,True
89882390000203223972,2022-05-24,True
89882390000203223980,2022-05-24,True
89882390000203223998,2022-05-24,True
89882390000203224004,2022-03-02,True
89882390000203224012,2022-05-25,True
89882390000203224020,2022-05-25,True
89882390000203224038,2022-05-25,True
89882390000203224046,2022-05-25,True
89882390000203224061,2022-05-25,True
89882390000203224079,2022-05-25,True
89882390000203224087,2022-03-02,True
89882390000203224095,2022-05-25,True
89882390000203224103,2022-05-25,True
89882390000203224129,2022-05-24,True
89882390000203224137,2022-03-02,True
89882390000203224145,2022-03-02,True
89882390000203224152,2022-02-28,True
89882390000203224160,2022-02-28,True
89882390000203224186,2022-07-15,True
89882390000203224194,2022-07-14,True
89882390000203224202,2022-07-13,True
89882390000203224210,2022-05-25,True
89882390000203224228,2022-05-25,True
89882390000203224236,2022-05-25,True
89882390000203224244,2022-05-25,True
89882390000203224251,2022-08-23,True
89882390000203224269,2022-08-22,True
89882390000203224277,2022-07-13,True
89882390000203224285,2022-08-24,True
89882390000203224319,2022-05-06,True
89882390000203224335,2022-05-26,True
89882390000203224343,2022-05-26,True
89882390000203224350,2022-05-06,True
89882390000203224368,2022-05-26,True
89882390000203224376,2022-07-14,True
89882390000203224384,2022-07-08,True
89882390000203224392,2022-05-16,True
89882390000203224400,2022-08-19,True
89882390000203224418,2022-08-20,True
89882390000203224426,2022-08-23,True
89882390000203224434,2022-08-24,True
89882390000203224442,2022-08-19,True
89882390000203224459,2022-05-25,True
89882390000203224467,2022-07-13,True
89882390000203224475,2022-07-13,True
89882390000203224483,2022-07-13,True
89882390000203224491,2022-07-13,True
89882390000203224509,2022-07-13,True
89882390000203224517,2022-07-13,True
89882390000203224525,2022-07-13,True
89882390000203224533,2022-08-22,True
89882390000203224541,2022-05-12,True
89882390000203224558,2022-05-12,True
89882390000203224566,2022-05-24,True
89882390000203224574,2022-07-07,True
89882390000203224582,2022-07-07,True
89882390000203224590,2022-07-13,True
89882390000203224608,2022-07-08,True
89882390000203224616,2022-08-19,True
89882390000203224624,2022-08-19,True
89882390000203224632,2022-08-19,True
89882390000203224640,2022-07-08,True
89882390000203224657,2022-07-13,True
89882390000203224665,2022-07-08,True
89882390000203224673,2022-07-13,True
89882390000203224681,2022-07-08,True
89882390000203224707,2022-08-18,True
89882390000203224715,2022-08-19,True
89882390000203224731,2022-07-13,True
89882390000203224749,2022-07-13,True
89882390000203224756,2022-07-13,True
89882390000203224764,2022-07-08,True
89882390000203224772,2022-08-24,True
89882390000203224780,2022-08-16,True
89882390000203224798,2022-08-18,True
89882390000203224806,2022-08-19,True
89882390000203224814,2022-07-08,True
89882390000203224822,2022-07-08,True
89882390000203224830,2022-07-08,True
89882390000203224848,2022-08-18,True
89882390000203224855,2022-08-19,True
89882390000203224863,2022-07-13,True
89882390000203224871,2022-08-18,True
89882390000203224889,2022-08-22,True
89882390000203224897,2022-08-23,True
89882390000203224913,2022-08-17,True
89882390000203224921,2022-08-18,True
89882390000203224939,2022-08-18,True
89882390000203224947,2022-08-18,True
89882390000203224954,2022-07-07,True
89882390000203224962,2022-07-08,True
89882390000203224970,2022-08-23,True
89882390000203224988,2022-08-18,True
89882390000203224996,2022-08-19,True
89882390000203225001,2022-08-23,True
89882390000203225019,2022-08-22,True
89882390000203225027,2022-08-22,True
89882390000203225035,2022-08-19,True
89882390000203225043,2022-08-24,True
89882390000203225050,2022-08-23,True
89882390000203225068,2022-08-23,True
89882390000203225076,2022-07-07,True
89882390000203225084,2022-08-24,True
89882390000203225092,2022-07-08,True
89882390000203225100,2022-08-22,True
89882390000203225118,2022-08-17,True
89882390000203225126,2022-08-18,True
89882390000203225134,2022-07-08,True
89882390000203225142,2022-07-07,True
89882390000203225159,2022-08-23,True
89882390000203225167,2022-07-07,True
89882390000203225175,2022-07-08,True
89882390000203225183,2022-08-19,True
89882390000203225191,2022-08-23,True
89882390000203225209,2022-07-08,True
89882390000203225217,2022-08-19,True
89882390000203225225,2022-08-24,True
89882390000203225233,2022-08-18,True
89882390000203225241,2022-08-18,True
89882390000203225258,2022-05-26,True
89882390000203225266,2022-05-26,True
89882390000203225274,2022-05-11,True
89882390000203225282,2022-05-11,True
89882390000203225290,2022-05-25,True
89882390000203225308,2022-05-25,True
89882390000203225316,2022-05-25,True
89882390000203225324,2022-05-25,True
89882390000203225332,2022-07-13,True
89882390000203225340,2022-07-13,True
89882390000203225357,2022-07-13,True
89882390000203225365,2022-07-13,True
89882390000203225373,2022-05-24,True
89882390000203225381,2022-05-25,True
89882390000203225399,2022-05-24,True
89882390000203225407,2022-05-25,True
89882390000203225415,2022-07-13,True
89882390000203225423,2022-05-25,True
89882390000203225431,2022-07-13,True
89882390000203225449,2022-07-13,True
89882390000203225456,2022-07-14,True
89882390000203225464,2022-03-02,True
89882390000203225472,2022-07-13,True
89882390000203225480,2022-07-13,True
89882390000203225514,2022-05-25,True
89882390000203225530,2022-07-14,True
89882390000203225548,2022-07-13,True
89882390000203225563,2022-07-14,True
89882390000203225571,2022-07-13,True
89882390000203225589,2022-07-14,True
89882390000203225605,2022-07-14,True
89882390000203225613,2022-07-14,True
89882390000203225621,2022-07-14,True
89882390000203225639,2022-07-13,True
89882390000203225647,2022-07-14,True
89882390000203225654,2022-07-13,True
89882390000203225662,2022-07-13,True
89882390000203225670,2022-07-14,True
89882390000203225688,2022-07-13,True
89882390000203225696,2022-11-07,True
89882390000203225704,2022-05-26,True
89882390000203225712,2022-05-26,True
89882390000203225720,2022-05-26,True
89882390000203225738,2022-05-25,True
89882390000203225746,2022-05-25,True
89882390000203225753,2022-05-25,True
89882390000203225761,2022-05-11,True
89882390000203225779,2022-05-26,True
89882390000203225787,2022-05-26,True
89882390000203225795,2022-05-26,True
89882390000203225803,2022-05-26,True
89882390000203225811,2022-08-24,True
89882390000203225829,2022-07-07,True
89882390000203225837,2022-07-13,True
89882390000203225845,2022-07-13,True
89882390000203225852,2022-07-15,True
89882390000203225860,2022-07-14,True
89882390000203225878,2022-05-12,True
89882390000203225886,2022-07-15,True
89882390000203225894,2022-05-11,True
89882390000203225902,2022-07-13,True
89882390000203225910,2022-07-15,True
89882390000203225928,2022-07-14,True
89882390000203225936,2022-05-26,True
89882390000203225944,2022-05-11,True
89882390000203225951,2022-05-26,True
89882390000203225969,2022-05-26,True
89882390000203225977,2022-05-11,True
89882390000203225985,2022-05-25,True
89882390000203225993,2022-05-25,True
89882390000203226009,2022-05-25,True
89882390000203226017,2022-05-24,True
89882390000203226025,2022-07-14,True
89882390000203226033,2022-07-14,True
89882390000203226041,2022-07-13,True
89882390000203226058,2022-05-25,True
89882390000203226066,2022-05-25,True
89882390000203226074,2022-05-26,True
89882390000203226082,2022-05-26,True
89882390000203226090,2022-05-26,True
89882390000203226108,2022-05-11,True
89882390000203226116,2022-05-25,True
89882390000203226124,2022-05-25,True
89882390000203226132,2022-05-11,True
89882390000203226140,2022-05-11,True
89882390000203226157,2022-05-11,True
89882390000203226165,2022-05-11,True
89882390000203226173,2022-05-25,True
89882390000203226181,2022-05-25,True
89882390000203226199,2022-07-14,True
89882390000203226207,2022-07-08,True
89882390000262826327,2022-02-06,True
89882390000262826335,2022-04-11,True
89882390000262826343,2022-04-11,True
89882390000262826350,2022-04-06,True
89882390000262826368,2022-04-06,True
89882390000262826376,2022-04-06,True
89882390000262826384,2022-03-02,True
89882390000262826392,2022-02-27,True
89882390000262826400,2022-03-02,True
89882390000262826418,2022-03-06,True
89882390000262826426,2022-03-06,True
89882390000262826434,2022-02-16,True
89882390000262826442,2021-12-20,True
89882390000262826459,2022-04-11,True
89882390000262826467,2022-04-11,True
89882390000262826475,2022-04-11,True
89882390000262826483,2021-12-20,True
89882390000262826491,2021-12-30,True
89882390000262826509,2022-08-01,True
89882390000262826517,2022-01-18,True
89882390000262826525,2022-01-18,True
89882390000262826533,2022-01-18,True
89882390000262826541,2022-01-18,True
89882390000262826558,2022-01-17,True
89882390000262826566,2022-01-17,True
89882390000262826574,2022-02-04,True
89882390000262826582,2022-01-27,True
89882390000262826616,2022-05-04,True
89882390000262826624,2022-05-04,True
89882390000262826632,2022-05-04,True
89882390000262826640,2022-05-04,True
89882390000262826657,2022-05-09,True
89882390000262826665,2022-05-09,True
89882390000262826673,2022-05-09,True
89882390000262826681,2022-05-09,True
89882390000262826699,2022-05-09,True
89882390000262826707,2022-05-09,True
89882390000262826715,2022-05-09,True
89882390000262826723,2022-05-09,True
89882390000262826749,2022-04-06,True
89882390000262826756,2022-04-06,True
89882390000262826764,2022-03-30,True
89882390000262826772,2022-03-30,True
89882390000262826780,2022-03-09,True
89882390000262826798,2022-03-09,True
89882390000262826806,2022-03-06,True
89882390000262826814,2022-03-06,True
89882390000262841326,2022-10-26,True
89882390000262841334,2022-10-26,True
89882390000262841375,2022-08-19,True
89882390000262841383,2022-08-18,True
89882390000262841391,2022-08-18,True
89882390000262841409,2022-10-01,True
89882390000262841417,2022-06-07,True
89882390000262841425,2022-06-07,True
89882390000262841433,2022-06-30,True
89882390000262841441,2022-06-10,True
89882390000262841458,2022-06-30,True
89882390000262841466,2022-06-30,True
89882390000262841474,2022-06-30,True
89882390000262841482,2022-06-30,True
89882390000262841490,2022-06-30,True
89882390000262841508,2022-05-25,True
89882390000262841524,2022-08-19,True
89882390000262841565,2022-07-13,True
89882390000262841573,2022-07-13,True
89882390000262841581,2022-08-10,True
89882390000262841607,2022-07-13,True
89882390000262841631,2022-09-01,True
89882390000262841649,2022-09-06,True
89882390000262841656,2022-09-01,True
89882390000262841664,2022-08-23,True
89882390000262841672,2022-08-22,True
89882390000262841680,2022-08-22,True
89882390000262841706,2022-09-09,True
89882390000262841714,2022-08-22,True
89882390000262841730,2022-09-29,True
89882390000262841748,2022-09-29,True
89882390000262841755,2022-10-10,True
89882390000262841763,2022-10-10,True
89882390000262841771,2022-10-10,True
89882390000262841789,2022-10-10,True
89882390000262841797,2022-10-10,True
89882390000262841805,2022-09-29,True
89882390000262841813,2022-09-29,True
89882390000262841821,2022-09-29,True
89882390000262841847,2022-10-12,True
89882390000262841854,2022-11-09,True
89882390000262841862,2022-11-09,True
89882390000262841870,2022-11-04,True
89882390000262841888,2022-11-09,True
89882390000262841896,2022-11-09,True
89882390000262841904,2022-11-09,True
89882390000262841912,2022-11-09,True
89882390000262841920,2022-11-09,True
89882390000262841938,2022-11-09,True
89882390000262841946,2022-11-09,True
89882390000262841953,2022-11-08,True
89882390000262841961,2022-11-09,True
89882390000262841979,2022-11-08,True
89882390000262841987,2022-11-23,True
89882390000262841995,2022-12-07,True
89882390000262842001,2022-12-07,True
89882390000262842019,2022-12-07,True
89882390000262842027,2022-12-07,True
89882390000262842035,2022-12-07,True
89882390000262842142,2022-09-06,True
89882390000262842159,2022-12-07,True
89882390000262842183,2022-12-14,True
89882390000262842191,2022-12-14,True
89882390000262842209,2022-12-14,True
89882390000262842217,2022-12-14,True
89882390000262842225,2022-12-21,True
89882390000262842233,2022-12-21,True
89882390000262842241,2022-12-20,True
89882390000262842258,2022-12-21,True
89882390000262842266,2023-01-19,True
89882390000262842274,2023-01-19,True
89882390000262842282,2023-06-16,True
89882390000262842290,2023-06-16,True
89882390000262842308,2023-01-19,True
89882390000262842316,2023-01-19,True
89882390000262842324,2023-01-13,True
89882390000262842332,2023-01-13,True
89882390000262842340,2023-01-12,True
89882390000262842357,2023-01-12,True
89882390000262842365,2022-12-15,True
89882390000262842373,2022-12-15,True
89882390000262842381,2022-12-12,True
89882390000262842399,2023-02-07,True
89882390000262842407,2023-01-25,True
89882390000262842415,2023-02-03,True
89882390000262842423,2023-02-13,True
89882390000262842431,2023-02-10,True
89882390000262842449,2023-02-07,True
89882390000262842456,2023-02-07,True
89882390000262842464,2023-03-13,True
89882390000262842472,2022-12-15,True
89882390000262842480,2023-01-10,True
89882390000262842498,2023-02-10,True
89882390000262842506,2022-12-12,True
89882390000262842514,2022-12-12,True
89882390000262842522,2022-12-14,True
89882390000262842530,2022-12-12,True
89882390000262842548,2022-12-12,True
89882390000262842555,2022-12-12,True
89882390000262842571,2023-01-12,True
89882390000262842589,2022-11-18,True
89882390000262842597,2023-01-12,True
89882390000262842605,2023-01-12,True
89882390000262842613,2023-01-12,True
89882390000262842621,2023-01-12,True
89882390000262842639,2023-01-11,True
89882390000262842647,2023-01-12,True
89882390000262842654,2023-01-10,True
89882390000262842662,2023-01-11,True
89882390000262842670,2023-02-13,True
89882390000262842696,2023-01-10,True
89882390000262842704,2023-01-12,True
89882390000262842712,2023-01-12,True
89882390000262842720,2023-02-08,True
89882390000262842738,2023-01-12,True
89882390000262842746,2023-02-08,True
89882390000262842753,2023-02-08,True
89882390000262842761,2023-04-06,True
89882390000262842779,2023-02-17,True
89882390000262842787,2023-02-17,True
89882390000262842795,2023-02-17,True
89882390000262842803,2023-02-21,True
89882390000262842811,2023-02-21,True
89882390000262842829,2023-02-21,True
89882390000262842837,2023-03-12,True
89882390000262842845,2023-02-17,True
89882390000262842852,2023-02-17,True
89882390000262842860,2023-06-06,True
89882390000262842878,2023-06-06,True
89882390000262842886,2023-06-06,True
89882390000262842894,2023-06-06,True
89882390000262842902,2023-06-06,True
89882390000262842910,2023-06-06,True
89882390000262842928,2023-06-06,True
89882390000262842936,2023-06-06,True
89882390000262842944,2023-06-06,True
89882390000262842951,2023-06-06,True
89882390000262842969,2023-06-06,True
89882390000262842977,2023-06-06,True
89882390000262842985,2023-06-06,True
89882390000262842993,2023-06-06,True
89882390000262843009,2023-06-06,True
89882390000262843017,2023-06-06,True
89882390000262843025,2023-05-10,True
89882390000262843041,2023-05-15,True
89882390000262843058,2023-05-15,True
89882390000262843066,2023-05-15,True
89882390000262843074,2023-06-13,True
89882390000262843082,2023-05-15,True
89882390000262843090,2023-06-06,True
89882390000262843108,2023-06-06,True
89882390000262843116,2023-06-06,True
89882390000262843124,2023-06-06,True
89882390000262843132,2023-05-18,True
89882390000262843140,2023-02-28,True
89882390000262843157,2023-02-28,True
89882390000262843165,2023-03-09,True
89882390000262843181,2023-03-08,True
89882390000262843199,2023-03-08,True
89882390000262843215,2023-04-05,True
89882390000262843223,2023-04-05,True
89882390000262843231,2023-04-05,True
89882390000262843249,2023-04-05,True
89882390000262843256,2023-04-05,True
89882390000262843264,2023-04-05,True
89882390000262843272,2023-04-05,True
89882390000262843280,2023-04-05,True
89882390000262843298,2023-04-05,True
89882390000262843314,2023-04-05,True
89882390000262843330,2023-03-13,True
89882390000262843348,2023-03-01,True
89882390000262843355,2023-05-23,True
89882390000262843363,2023-03-13,True
89882390000262843371,2023-03-13,True
89882390000262843389,2023-04-03,True
89882390000262843397,2023-03-21,True
89882390000262843405,2023-04-03,True
89882390000262843413,2023-03-21,True
89882390000262843421,2023-02-17,True
89882390000262843439,2023-04-12,True
89882390000262843454,2023-05-21,True
89882390000262843462,2023-06-13,True
89882390000262843470,2023-05-18,True
89882390000262843488,2023-06-07,True
89882390000262843496,2023-05-24,True
89882390000262843504,2023-04-21,True
89882390000262843512,2023-04-21,True
89882390000262843520,2023-04-26,True
89882390000262843538,2023-04-19,True
89882390000262843546,2023-06-02,True
89882390000262843553,2023-04-27,True
89882390000262843561,2023-04-21,True
89882390000262843579,2023-04-21,True
89882390000262843587,2023-04-21,True
89882390000262843595,2023-04-21,True
89882390000262843603,2022-10-25,True
89882390000262843611,2022-11-10,True
89882390000262843629,2022-11-10,True
89882390000262843637,2022-10-24,True
89882390000262843645,2022-11-11,True
89882390000262843652,2022-10-17,True
89882390000262843660,2022-10-17,True
89882390000262843678,2022-10-17,True
89882390000262843694,2022-10-17,True
89882390000262843702,2022-10-17,True
89882390000262843728,2022-09-20,True
89882390000262843751,2022-10-03,True
89882390000262843785,2022-07-19,True
89882390000262843793,2022-07-19,True
89882390000262843801,2022-07-13,True
89882390000262843819,2022-05-13,True
89882390000430397078,2023-06-27,True
89882390000430397086,2023-05-23,True
89882390000430397094,2023-05-23,True
89882390000430397102,2023-05-25,True
89882390000430397110,2023-05-25,True
89882390000430397128,2023-05-25,True
89882390000430397136,2023-05-26,True
89882390000430397144,2023-05-26,True
89882390000430397151,2023-05-26,True
89882390000430397169,2023-05-26,True
89882390000430397177,2023-05-26,True
89882390000430397185,2023-05-26,True
89882390000430397193,2023-05-26,True
89882390000430397201,2023-05-26,True
89882390000430397219,2023-05-26,True
89882390000430397227,2023-05-26,True
89882390000430397235,2023-05-30,True
89882390000430397243,2023-05-30,True
89882390000430397250,2023-05-30,True
89882390000430397268,2023-05-30,True
89882390000430397276,2023-05-30,True
89882390000430397284,2023-05-30,True
89882390000430397292,2023-06-01,True
89882390000430397300,2023-06-01,True
89882390000430397318,2023-06-01,True
89882390000430397326,2023-06-01,True
89882390000430397334,2023-06-01,True
89882390000430397342,2023-06-02,True
89882390000430397359,2023-06-02,True
89882390000430397367,2023-06-02,True
89882390000430397375,2023-06-02,True
89882390000430397383,2023-06-02,True
89882390000430397391,2023-06-02,True
89882390000430397409,2023-06-02,True
89882390000430397417,2023-06-02,True
89882390000430397425,2023-06-02,True
89882390000430397433,2023-06-02,True
89882390000430397441,2023-06-01,True
89882390000430397458,2023-06-01,True
89882390000430397466,2023-06-01,True
89882390000430397474,2023-06-01,True
89882390000430397482,2023-06-01,True
89882390000430397490,2023-06-02,True
89882390000430397508,2023-05-23,True
89882390000430397516,2023-05-23,True
89882390000430397524,2023-05-23,True
89882390000430397532,2023-05-22,True
89882390000430397540,2023-05-22,True
89882390000430397557,2023-06-02,True
89882390000430397565,2023-06-29,True
89882390000430397813,2023-08-31,True
89882390000430397862,2023-08-31,True
89882390000430397870,2023-08-31,True
89882390000430397912,2023-08-31,True
89882390000430397987,2023-06-13,True
89882390000430397995,2023-06-13,True
89882390000430398001,2023-06-13,True
89882390000430398019,2023-06-13,True
89882390000430398027,2023-06-13,True
89882390000430398035,2023-06-13,True
89882390000430398043,2023-06-13,True
89882390000430398050,2023-06-13,True
89882390000430398118,2023-06-13,True
89882390000430398126,2023-06-13,True
89882390000430398134,2023-06-13,True
89882390000430398167,2023-08-31,True
89882390000430398456,2023-08-31,True
89882390000430398472,2023-09-27,True
89882390000430398498,2023-06-13,True
89882390000430398605,2023-08-31,True
89882390000430398613,2023-08-31,True
89882390000430398688,2023-08-31,True
89882390000430398720,2023-08-31,True
89882390000430398746,2023-08-31,True
89882390000430398753,2023-09-27,True
89882390000430398779,2023-09-27,True
89882390000430398787,2023-09-27,True
89882390000430398795,2023-09-27,True
89882390000430398837,2023-09-27,True
89882390000430398845,2023-08-31,True
89882390000430398860,2023-09-27,True
89882390000430398902,2023-09-27,True
89882390000430398910,2023-09-27,True
89882390000430398951,2023-08-31,True
89882390000430398977,2023-09-27,True
89882390000430398985,2023-08-31,True
89882390000430399017,2023-08-31,True
89882390000430399041,2023-08-31,True
89882390000430399074,2023-09-27,True
89882390000430399082,2023-08-31,True
89882390000430399090,2023-09-27,True
89882390000430399108,2023-09-27,True
89882390000430399116,2023-09-27,True
89882390000430399199,2023-09-27,True
89882390000430399207,2023-08-31,True
89882390000430399231,2023-09-27,True
89882390000430399249,2023-08-30,True
89882390000430399298,2023-09-27,True
89882390000430399322,2023-09-27,True
89882390000430399330,2023-09-27,True
89882390000430399348,2023-08-31,True
89882390000430399397,2023-09-27,True
89882390000430399439,2023-08-30,True
89882390000430399454,2023-08-31,True
89882390000430399462,2023-08-31,True
89882390000430399496,2023-09-27,True
89882390000430399553,2023-09-27,True
89882390000430399579,2023-06-12,True
89882390000430399587,2023-06-14,True
89882390000430399595,2023-06-14,True
89882390000430399603,2023-06-14,True
89882390000430399611,2023-06-16,True
89882390000430399629,2023-06-16,True
89882390000430399637,2023-06-16,True
89882390000430399645,2023-06-27,True
89882390000430399652,2023-06-30,True
89882390000430399660,2023-06-27,True
89882390000430399678,2023-06-30,True
89882390000430399686,2023-06-30,True
89882390000430399694,2023-06-30,True
89882390000430399702,2023-06-30,True
89882390000430399710,2023-06-30,True
89882390000430399728,2023-06-30,True
89882390000430399736,2023-06-30,True
89882390000430399744,2023-06-30,True
89882390000430399751,2023-06-30,True
89882390000430399769,2023-06-30,True
89882390000430399777,2023-06-30,True
89882390000430399785,2023-06-30,True
89882390000430399793,2023-06-30,True
89882390000430399801,2023-06-30,True
89882390000430399819,2023-06-30,True
89882390000430399827,2023-06-30,True
89882390000430399835,2023-06-30,True
89882390000430399843,2023-06-30,True
89882390000430399850,2023-06-30,True
89882390000430399868,2023-06-30,True
89882390000430399876,2023-06-30,True
89882390000430399884,2023-06-30,True
89882390000430399892,2023-06-30,True
89882390000430399900,2023-06-30,True
89882390000430399926,2023-07-11,True
89882390000430399934,2023-07-20,True
89882390000430399942,2023-07-20,True
89882390000430399959,2023-07-12,True
89882390000430399967,2023-07-04,True
89882390000430399975,2023-07-25,True
89882390000430399983,2023-07-25,True
89882390000430399991,2023-07-25,True
89882390000430400005,2023-07-25,True
89882390000430400013,2023-07-25,True
89882390000430400021,2023-07-04,True
89882390000430400039,2023-07-04,True
89882390000430400047,2023-07-04,True
89882390000430400054,2023-07-04,True
89882390000430400062,2023-07-04,True
89882390000430400070,2023-07-04,True
89882390000430400096,2023-07-26,True
89882390000430400104,2023-08-03,True
89882390000430400112,2023-07-31,True
89882390000430400120,2023-08-07,True
89882390000430400138,2023-08-29,True
89882390000430400146,2023-08-21,True
89882390000430400161,2023-08-21,True
89882390000430400179,2023-08-21,True
89882390000430400187,2023-08-21,True
89882390000430400195,2023-08-21,True
89882390000430400203,2023-08-21,True
89882390000430400211,2023-08-10,True
89882390000430400229,2023-08-21,True
89882390000430400237,2023-08-21,True
89882390000430400245,2023-08-21,True
89882390000430400252,2023-08-21,True
89882390000430400260,2023-08-21,True
89882390000430400278,2023-08-22,True
89882390000430400286,2023-08-22,True
89882390000430400294,2023-08-22,True
89882390000430400302,2023-08-22,True
89882390000430400310,2023-08-22,True
89882390000430400328,2023-08-22,True
89882390000430400336,2023-08-22,True
89882390000430400344,2023-08-22,True
89882390000430400351,2023-08-22,True
89882390000430400369,2023-08-22,True
89882390000430400377,2023-08-22,True
89882390000430400385,2023-08-22,True
89882390000430400393,2023-08-22,True
89882390000430400401,2023-08-22,True
89882390000430400419,2023-08-22,True
89882390000430400427,2023-08-22,True
89882390000430400435,2023-08-22,True
89882390000430400443,2023-08-22,True
89882390000430400450,2023-08-22,True
89882390000430400468,2023-08-22,True
89882390000430400476,2023-08-22,True
89882390000430400484,2023-08-22,True
89882390000430400492,2023-08-22,True
89882390000430400500,2023-08-22,True
89882390000430400518,2023-08-22,True
89882390000430400526,2023-08-22,True
89882390000430400534,2023-08-22,True
89882390000430400542,2023-08-22,True
89882390000430400559,2023-08-22,True
89882390000430400567,2023-08-22,True
89882390000430400575,2023-08-22,True
89882390000430400583,2023-08-22,True
89882390000430400591,2023-08-22,True
89882390000430400609,2023-08-22,True
89882390000430400617,2023-08-22,True
89882390000430400625,2023-08-22,True
89882390000430400633,2023-08-22,True
89882390000430400641,2023-08-22,True
89882390000430400658,2023-08-22,True
89882390000430400666,2023-08-21,True
89882390000430400674,2023-08-21,True
89882390000430400682,2023-08-21,True
89882390000430400690,2023-08-21,True
89882390000430400708,2023-08-21,True
89882390000430400716,2023-08-21,True
89882390000430400724,2023-08-21,True
89882390000430400732,2023-08-21,True
89882390000430400740,2023-08-21,True
89882390000430400757,2023-08-21,True
89882390000430400765,2023-08-22,True
89882390000430400773,2023-08-22,True
89882390000430400781,2023-08-22,True
89882390000430400799,2023-08-22,True
89882390000430400807,2023-08-22,True
89882390000430400815,2023-08-22,True
89882390000430400823,2023-08-22,True
89882390000430400831,2023-08-22,True
89882390000430400849,2023-08-22,True
89882390000430400856,2023-08-22,True
89882390000430400864,2023-08-21,True
89882390000430400872,2023-08-21,True
89882390000430400880,2023-08-21,True
89882390000430400898,2023-08-21,True
89882390000430400906,2023-08-21,True
89882390000430400914,2023-08-21,True
89882390000430400922,2023-08-21,True
89882390000430400930,2023-08-21,True
89882390000430400948,2023-08-21,True
89882390000430400955,2023-08-21,True
89882390000430400963,2023-08-14,True
89882390000430400971,2023-08-14,True
89882390000430400989,2023-08-14,True
89882390000430400997,2023-08-14,True
89882390000430401003,2023-08-14,True
89882390000430401011,2023-08-14,True
89882390000430401029,2023-08-15,True
89882390000430401037,2023-08-15,True
89882390000430401128,2023-09-18,True
89882390000430401136,2023-09-08,True
89882390000430401144,2023-09-04,True
89882390000430401151,2023-09-07,True
89882390000430401169,2023-09-20,True
89882390000430401177,2023-09-20,True
89882390000430401185,2023-09-20,True
89882390000430401193,2023-09-20,True
89882390000430401201,2023-10-18,True
89882390000430401219,2023-10-18,True
89882390000430401227,2023-10-18,True
89882390000430401235,2023-10-18,True
89882390000430401649,2023-10-24,True
89882390000430401656,2023-10-26,True
89882390000430401664,2023-10-26,True
89882390000430401672,2023-10-26,True
89882390000430401680,2023-10-26,True
89882390000430401698,2023-10-26,True
89882390000430401706,2023-10-26,True
89882390000430401714,2023-10-26,True
89882390000430401722,2023-10-26,True
89882390000430401730,2023-10-26,True
