IMSI,SIM_State,Has_Been_Active.Test
901288000011120,Active.Live,N
901288000011122,Active.Live,N
901288000011126,Active.Live,N
901288000011127,Active.Live,N
901288000011128,Active.Live,N
901288000011485,Active.Live,N
901288000012700,Active.Live,N
901288000012701,Active.Live,N
901288000012702,Active.Live,N
901288000012703,Active.Live,N
901288000012704,Active.Live,N
901288000012705,Active.Live,N
901288000012706,Active.Live,N
901288000012707,Active.Live,N
901288000012708,Active.Live,N
901288000012709,Active.Live,N
901288000012710,Active.Live,N
901288000012711,Active.Live,N
901288000012712,Active.Live,N
901288000012713,Active.Live,N
901288000012714,Active.Live,N
901288000012715,Active.Live,N
901288000012716,Active.Live,N
901288000012717,Active.Live,N
901288000012718,Active.Live,N
901288000012719,Active.Live,N
901288000012720,Active.Live,N
901288000012721,Active.Live,N
901288000012722,Active.Live,N
901288000012723,Active.Live,N
901288000012724,Active.Live,N
901288000016200,Active.Live,Y
901288000016202,Active.Live,Y
901288000016203,Active.Live,Y
901288000016204,Active.Live,Y
901288000016206,Active.Live,Y
901288000016208,Active.Live,Y
901288000016209,Active.Live,Y
901288000016210,Active.Live,Y
901288000016211,Active.Live,Y
901288000016212,Active.Live,Y
901288000016213,Active.Live,Y
901288000016215,Active.Live,Y
901288000016217,Active.Live,Y
901288000016219,Active.Live,Y
901288000016220,Active.Live,Y
901288000016221,Active.Live,Y
901288000016222,Active.Live,Y
901288000016223,Active.Live,Y
901288000016224,Active.Live,Y
901288000016225,Active.Live,Y
901288000016226,Active.Live,Y
901288000016227,Active.Live,Y
901288000016228,Active.Live,Y
901288000016229,Active.Live,Y
901288000016230,Active.Live,Y
901288000016231,Active.Live,N
901288000016233,Active.Live,Y
901288000016234,Active.Live,Y
901288000016235,Active.Live,Y
901288000016237,Active.Live,Y
901288000016238,Active.Live,Y
901288000016239,Active.Live,Y
901288000016240,Active.Live,Y
901288000016241,Active.Live,Y
901288000016242,Active.Live,Y
901288000016243,Active.Live,Y
901288000016244,Active.Live,Y
901288000016245,Active.Live,Y
901288000016246,Active.Live,Y
901288000016247,Active.Live,Y
901288000016248,Active.Live,Y
901288000016249,Active.Live,Y
901288000016250,Active.Live,Y
901288000016252,Active.Live,Y
901288000016254,Active.Live,Y
901288000016256,Active.Live,Y
901288000016257,Active.Live,Y
901288000016258,Active.Live,Y
901288000016259,Active.Live,N
901288000016260,Active.Live,N
901288000016261,Active.Live,N
901288000016262,Active.Live,Y
901288000016263,Active.Live,Y
901288000016264,Active.Live,Y
901288000016265,Active.Live,Y
901288000016266,Active.Live,Y
901288000016267,Active.Live,Y
901288000016268,Active.Live,N
901288000016269,Active.Live,Y
901288000016270,Active.Live,Y
901288000016271,Active.Live,Y
901288000016272,Active.Live,N
901288000016274,Active.Live,Y
901288000016275,Active.Live,Y
901288000016276,Active.Live,Y
901288000016277,Active.Live,Y
901288000016278,Active.Live,Y
901288000016279,Active.Live,Y
901288000016280,Active.Live,Y
901288000016281,Active.Live,Y
901288000016282,Active.Live,Y
901288000016283,Active.Live,Y
901288000016284,Active.Live,Y
901288000016285,Active.Live,Y
901288000016286,Active.Live,Y
901288000016287,Active.Live,Y
901288000016288,Active.Live,Y
901288000016289,Active.Live,Y
901288000016290,Active.Live,Y
901288000016291,Active.Live,Y
901288000016292,Active.Live,Y
901288000016293,Active.Live,Y
901288000016294,Active.Live,Y
901288000016295,Active.Live,Y
901288000016296,Active.Live,Y
901288000016297,Active.Live,Y
901288000016298,Active.Live,Y
901288000016299,Active.Live,Y
901288001025874,Active.Live,Y
901288001025875,Active.Live,Y
901288001025881,Active.Live,Y
901288001025883,Active.Live,Y
901288001025884,Active.Live,Y
901288001025885,Active.Live,Y
901288001025887,Active.Live,Y
901288001025888,Active.Live,Y
901288001025889,Active.Live,N
901288001061585,Active.Live,Y
901288001061586,Active.Live,Y
901288001061587,Active.Live,Y
901288001061588,Active.Live,Y
901288001061589,Active.Live,Y
901288001061590,Active.Live,Y
901288001061591,Active.Live,Y
901288001061592,Active.Live,Y
901288001061593,Active.Live,Y
901288001061594,Active.Live,Y
901288001061595,Active.Live,Y
901288001061596,Active.Live,Y
901288001061597,Active.Live,Y
901288001061598,Active.Live,N
901288001061599,Active.Live,Y
901288001061600,Active.Live,Y
901288001061601,Active.Live,Y
901288001061602,Active.Live,Y
901288001061603,Active.Live,Y
901288001061604,Active.Live,Y
901288001061605,Active.Live,Y
901288001061606,Active.Live,Y
901288001061607,Active.Live,Y
901288001061608,Active.Live,Y
901288001061609,Active.Live,Y
901288001061610,Active.Live,Y
901288001061611,Active.Live,Y
901288001061612,Active.Live,Y
901288001061613,Active.Live,Y
901288001061614,Active.Live,Y
901288001061615,Active.Live,Y
901288001061616,Active.Live,Y
901288001061617,Active.Live,Y
901288001061618,Active.Live,Y
901288001061619,Active.Live,Y
901288001061620,Active.Live,Y
901288001061621,Active.Live,Y
901288001061622,Active.Live,Y
901288001061623,Active.Live,Y
901288001061624,Active.Live,Y
901288001061625,Active.Live,Y
901288001061626,Active.Live,Y
901288001061627,Active.Live,Y
901288001061628,Active.Live,Y
901288001061629,Active.Live,Y
901288001061630,Active.Live,Y
901288001061631,Active.Live,Y
901288001061632,Active.Live,Y
901288001061633,Active.Live,Y
901288001061634,Active.Live,Y
901288001061635,Active.Live,Y
901288001061636,Active.Live,Y
901288001061637,Active.Live,Y
901288001061638,Active.Live,Y
901288001061639,Active.Live,Y
901288001061640,Active.Live,Y
901288001061641,Active.Live,N
901288001061643,Active.Live,Y
901288001061644,Active.Live,Y
901288001061645,Active.Live,Y
901288001061646,Active.Live,N
901288001061647,Active.Live,Y
901288001061648,Active.Live,Y
901288001061649,Active.Live,Y
901288001061650,Active.Live,Y
901288001061651,Active.Live,Y
901288001061652,Active.Live,Y
901288001061653,Active.Live,Y
901288001061654,Active.Live,Y
901288001061655,Active.Live,Y
901288001061656,Active.Live,Y
901288001061657,Active.Live,Y
901288001061659,Active.Live,Y
901288001061660,Active.Live,Y
901288001061661,Active.Live,Y
901288001061662,Active.Live,Y
901288001061663,Active.Live,Y
901288001061664,Active.Live,Y
901288001061665,Active.Live,Y
901288001061666,Active.Live,Y
901288001061667,Active.Live,Y
901288001061668,Active.Live,Y
901288001061669,Active.Live,Y
901288001061670,Active.Live,Y
901288001061671,Active.Live,Y
901288001061672,Active.Live,Y
901288001061673,Active.Live,Y
901288001061674,Active.Live,Y
901288001061675,Active.Live,Y
901288001061676,Active.Live,Y
901288001061677,Active.Live,Y
901288001061678,Active.Live,Y
901288001061679,Active.Live,Y
901288001061680,Active.Live,Y
901288001061681,Active.Live,Y
901288001061682,Active.Live,Y
901288001061683,Active.Live,Y
901288001061684,Active.Live,Y
901288001061685,Active.Live,Y
901288001061686,Active.Live,Y
901288001061687,Active.Live,Y
901288001061688,Active.Live,Y
901288001061689,Active.Live,Y
901288001061690,Active.Live,Y
901288001061691,Active.Live,Y
901288001061692,Active.Live,N
901288001061693,Active.Live,Y
901288001061694,Active.Live,Y
901288001061696,Active.Live,N
901288001061697,Active.Live,N
901288001061698,Active.Live,N
901288001061699,Active.Live,N
901288001061700,Active.Live,N
901288001061701,Active.Live,N
901288001061702,Active.Live,N
901288001061703,Active.Live,N
901288001061704,Active.Live,N
901288001061705,Active.Live,N
901288001061706,Active.Live,Y
901288001061707,Active.Live,N
901288001061708,Active.Live,N
901288001061710,Active.Live,N
901288001061711,Active.Live,N
901288001061712,Active.Live,N
901288001061713,Active.Live,N
901288001061714,Active.Live,N
901288001061715,Active.Live,N
901288001061716,Active.Live,N
901288001061717,Active.Live,N
901288001061719,Active.Live,N
901288001061720,Active.Live,N
901288001061721,Active.Live,N
901288001061722,Active.Live,N
901288001061723,Active.Live,Y
901288001061724,Active.Live,N
901288001061725,Active.Live,N
901288001061726,Active.Live,Y
901288001061727,Active.Live,Y
901288001061728,Active.Live,Y
901288001061729,Active.Live,N
901288001061730,Active.Live,N
901288001061731,Active.Live,Y
901288001061732,Active.Live,Y
901288001061733,Active.Live,N
901288001061734,Active.Live,Y
901288001061735,Active.Live,N
901288001061736,Active.Live,N
901288001061737,Active.Live,Y
901288001061738,Active.Live,Y
901288001061739,Active.Live,N
901288001061740,Active.Live,Y
901288001061741,Active.Live,Y
901288001061742,Active.Live,N
901288001061743,Active.Live,Y
901288001061744,Active.Live,Y
901288001061745,Active.Live,N
901288001061746,Active.Live,N
901288001061747,Active.Live,Y
901288001061748,Active.Live,N
901288001061749,Active.Live,Y
901288001061750,Active.Live,Y
901288001061751,Active.Live,Y
901288001061752,Active.Live,Y
901288001061753,Active.Live,Y
901288001061754,Active.Live,N
901288001061755,Active.Live,Y
901288001061757,Active.Live,Y
901288001061758,Active.Live,N
901288001061759,Active.Live,Y
901288001061760,Active.Live,N
901288001061761,Active.Live,Y
901288001061762,Active.Live,N
901288001061763,Active.Live,N
901288001061764,Active.Live,N
901288001061765,Active.Live,N
901288001061766,Active.Live,N
901288001061767,Active.Live,N
901288001061768,Active.Live,N
901288001061769,Active.Live,N
901288001061770,Active.Live,N
901288001061771,Active.Live,Y
901288001061772,Active.Live,N
901288001061773,Active.Live,N
901288001061774,Active.Live,N
901288001061775,Active.Live,N
901288001061776,Active.Live,N
901288001061777,Active.Live,N
901288001061796,Active.Live,N
901288001061798,Active.Live,N
901288001061800,Active.Live,N
901288001061801,Active.Live,N
901288001061804,Active.Live,N
901288001061805,Active.Live,N
901288001061808,Active.Live,Y
901288001061809,Active.Live,Y
901288001061810,Active.Live,Y
901288001061811,Active.Live,Y
901288001061812,Active.Live,N
901288001061813,Active.Live,Y
901288001061814,Active.Live,N
901288001061816,Active.Live,N
901288001061817,Active.Live,N
901288001061818,Active.Live,N
901288001061819,Active.Live,N
901288001061820,Active.Live,Y
901288001061821,Active.Live,Y
901288001061822,Active.Live,Y
901288001061823,Active.Live,Y
901288001061825,Active.Live,Y
901288001061826,Active.Live,N
901288001061827,Active.Live,N
901288001061828,Active.Live,N
901288001061829,Active.Live,N
901288001061830,Active.Live,N
901288001061831,Active.Live,N
901288001061832,Active.Live,Y
901288001061833,Active.Live,Y
901288001061834,Active.Live,N
901288001061835,Active.Live,N
901288001061836,Active.Live,N
901288001061837,Active.Live,N
901288001061838,Active.Live,N
901288001061839,Active.Live,N
901288001061840,Active.Live,N
901288001061841,Active.Live,N
901288001061842,Active.Live,N
901288001061843,Active.Live,N
901288001061844,Active.Live,Y
901288001061845,Active.Live,Y
901288001061846,Active.Live,Y
901288001061847,Active.Live,Y
901288001061848,Active.Live,Y
901288001061849,Active.Live,Y
901288001061850,Active.Live,Y
901288001061852,Active.Live,Y
901288001061853,Active.Live,N
901288001061854,Active.Live,N
901288001061855,Active.Live,Y
901288001061856,Active.Live,N
901288001061857,Active.Live,N
901288001061858,Active.Live,N
901288001061859,Active.Live,N
901288001061860,Active.Live,N
901288001061861,Active.Live,N
901288001061862,Active.Live,N
901288001061863,Active.Live,N
901288001061865,Active.Live,Y
901288001061866,Active.Live,Y
901288001061867,Active.Live,Y
901288001061869,Active.Live,N
901288001061870,Active.Live,N
901288001061871,Active.Live,N
901288001061872,Active.Live,Y
901288001061873,Active.Live,N
901288001061874,Active.Live,N
901288001061875,Active.Live,N
901288001061876,Active.Live,Y
901288001061877,Active.Live,Y
901288001061878,Active.Live,Y
901288001061880,Active.Live,Y
901288001061881,Active.Live,Y
901288001061883,Active.Live,Y
901288001061884,Active.Live,N
901288001061885,Active.Live,N
901288001061886,Active.Live,N
901288001061887,Active.Live,N
901288001061888,Active.Live,Y
901288001061890,Active.Live,Y
901288001061891,Active.Live,Y
901288001061892,Active.Live,N
901288001061893,Active.Live,N
901288001061894,Active.Live,N
901288001061895,Active.Live,N
901288001061896,Active.Live,N
901288001061897,Active.Live,N
901288001061898,Active.Live,N
901288001061899,Active.Live,N
901288001061900,Active.Live,Y
901288001061901,Active.Live,N
901288001061902,Active.Live,Y
901288001061903,Active.Live,Y
901288001061904,Active.Live,Y
901288001061905,Active.Live,Y
901288001061906,Active.Live,Y
901288001061907,Active.Live,N
901288001061911,Active.Live,Y
901288001061912,Active.Live,Y
901288001061913,Active.Live,Y
901288001061914,Active.Live,Y
901288001061915,Active.Live,Y
901288001061916,Active.Live,Y
901288001061917,Active.Live,Y
901288001061918,Active.Live,Y
901288001061919,Active.Live,Y
901288001061921,Active.Live,Y
901288001061922,Active.Live,Y
901288001061923,Active.Live,Y
901288001061924,Active.Live,Y
901288001061925,Active.Live,Y
901288001061926,Active.Live,Y
901288001061927,Active.Live,Y
901288001061929,Active.Live,Y
901288001061930,Active.Live,Y
901288001061931,Active.Live,Y
901288001061932,Active.Live,Y
901288001061933,Active.Live,Y
901288001061934,Active.Live,Y
901288001061935,Active.Live,Y
901288001061936,Active.Live,Y
901288001061937,Active.Live,Y
901288001061939,Active.Live,Y
901288001061940,Active.Live,Y
901288001061941,Active.Live,Y
901288001061942,Active.Live,Y
901288001061943,Active.Live,Y
901288001061944,Active.Live,Y
901288001061945,Active.Live,Y
901288001061946,Active.Live,Y
901288001061947,Active.Live,Y
901288001061948,Active.Live,Y
901288001061949,Active.Live,Y
901288001061950,Active.Live,Y
901288001061951,Active.Live,Y
901288001061952,Active.Live,Y
901288001061953,Active.Live,Y
901288001061955,Active.Live,Y
901288001061956,Active.Live,Y
901288001061957,Active.Live,Y
901288001061958,Active.Live,Y
901288001061959,Active.Live,Y
901288001061960,Active.Live,Y
901288001061961,Active.Live,Y
901288001061962,Active.Live,Y
901288001061963,Active.Live,Y
901288001061964,Active.Live,Y
901288001061965,Active.Live,Y
901288001061966,Active.Live,Y
901288001061967,Active.Live,Y
901288001061968,Active.Live,Y
901288001061969,Active.Live,Y
901288001061970,Active.Live,Y
901288001061971,Active.Live,Y
901288001061972,Active.Live,Y
901288001061973,Active.Live,Y
901288001061974,Active.Live,Y
901288001061975,Active.Live,Y
901288001061976,Active.Live,Y
901288001061977,Active.Live,Y
901288001061978,Active.Live,Y
901288001061979,Active.Live,Y
901288001061980,Active.Live,Y
901288001061981,Active.Live,Y
901288001061982,Active.Live,Y
901288001061983,Active.Live,Y
901288001061984,Active.Live,Y
901288001061985,Active.Live,Y
901288001061986,Active.Live,Y
901288001061987,Active.Live,Y
901288001061988,Active.Live,Y
901288001061989,Active.Live,Y
901288001061990,Active.Live,Y
901288001061991,Active.Live,Y
901288001061992,Active.Live,Y
901288001061993,Active.Live,Y
901288001061994,Active.Live,Y
901288001061995,Active.Live,Y
901288001061996,Active.Live,Y
901288001061997,Active.Live,Y
901288001061998,Active.Live,Y
901288001062000,Active.Live,N
901288001062001,Active.Live,N
901288001062002,Active.Live,N
901288001062003,Active.Live,N
901288001062004,Active.Live,N
901288001062005,Active.Live,N
901288001062006,Active.Live,N
901288001062007,Active.Live,N
901288001062008,Active.Live,N
901288001062009,Active.Live,N
901288001062010,Active.Live,N
901288001062011,Active.Live,N
901288001062012,Active.Live,N
901288001062013,Active.Live,N
901288001062014,Active.Live,N
901288001062015,Active.Live,N
901288001062016,Active.Live,Y
901288001062017,Active.Live,Y
901288001062018,Active.Live,Y
901288001062019,Active.Live,Y
901288001062020,Active.Live,Y
901288001062021,Active.Live,Y
901288001062022,Active.Live,Y
901288001062023,Active.Live,Y
901288001062024,Active.Live,Y
901288001062025,Active.Live,Y
901288001062026,Active.Live,Y
901288001062027,Active.Live,Y
901288001062028,Active.Live,Y
901288001062029,Active.Live,Y
901288001062030,Active.Live,Y
901288001062031,Active.Live,Y
901288001062032,Active.Live,Y
901288001062033,Active.Live,Y
901288001062034,Active.Live,Y
901288001062035,Active.Live,Y
901288001062036,Active.Live,Y
901288001062038,Active.Live,Y
901288001062039,Active.Live,Y
901288001062040,Active.Live,Y
901288001062041,Active.Live,Y
901288001062042,Active.Live,Y
901288001062043,Active.Live,Y
901288001062044,Active.Live,Y
901288001062045,Active.Live,Y
901288001062050,Active.Live,Y
901288001062052,Active.Live,Y
901288001062053,Active.Live,Y
901288001062075,Active.Live,Y
901288001062077,Active.Live,Y
901288001062079,Active.Live,Y
901288002989660,Active.Live,Y
901288002989661,Active.Live,Y
901288002989662,Active.Live,Y
901288002989663,Active.Live,Y
901288002989664,Active.Live,Y
901288002989665,Active.Live,Y
901288002989666,Active.Live,Y
901288002989668,Active.Live,Y
901288002989669,Active.Live,Y
901288002989670,Active.Live,Y
901288002989671,Active.Live,Y
901288002989672,Active.Live,Y
901288002989673,Active.Live,Y
901288002989674,Active.Live,Y
901288002989675,Active.Live,Y
901288002989676,Active.Live,Y
901288002989677,Active.Live,Y
901288002989678,Active.Live,Y
901288002989679,Active.Live,Y
901288002989680,Active.Live,Y
901288002989681,Active.Live,Y
901288002989682,Active.Live,Y
901288002989683,Active.Live,Y
901288002989684,Active.Live,Y
901288002989685,Active.Live,Y
901288002989686,Active.Live,Y
901288002989687,Active.Live,Y
901288002989688,Active.Live,Y
901288002989689,Active.Live,Y
901288002989690,Active.Live,Y
901288002989691,Active.Live,Y
901288002989692,Active.Live,Y
901288002989693,Active.Live,Y
901288002989694,Active.Live,Y
901288002989695,Active.Live,Y
901288002989696,Active.Live,Y
901288002989697,Active.Live,Y
901288002989698,Active.Live,Y
901288002989699,Active.Live,Y
901288002989700,Active.Live,Y
901288002989701,Active.Live,Y
901288002989702,Active.Live,Y
901288002989703,Active.Live,Y
901288002989704,Active.Live,Y
901288002989705,Active.Live,Y
901288002989706,Active.Live,Y
901288002989707,Active.Live,Y
901288002989708,Active.Live,Y
901288002989709,Active.Live,Y
901288002989710,Active.Live,Y
901288002989711,Active.Live,Y
901288002989712,Active.Live,Y
901288002989713,Active.Live,Y
901288002989714,Active.Live,Y
901288002989715,Active.Live,Y
901288002989716,Active.Live,Y
901288002989717,Active.Live,Y
901288002989718,Active.Live,Y
901288002989719,Active.Live,Y
901288002989720,Active.Live,Y
901288002989721,Active.Live,Y
901288002989722,Active.Live,Y
901288002989723,Active.Live,Y
901288002989724,Active.Live,Y
901288002989725,Active.Live,Y
901288002989726,Active.Live,Y
901288002989727,Active.Live,Y
901288002989728,Active.Live,Y
901288002989729,Active.Live,Y
901288002989730,Active.Live,Y
901288002989731,Active.Live,Y
901288002989733,Active.Live,Y
901288002989734,Active.Live,Y
901288002989735,Active.Live,Y
901288002989736,Active.Live,Y
901288002989737,Active.Live,Y
901288002989738,Active.Live,Y
901288002989739,Active.Live,Y
901288002989740,Active.Live,Y
901288002989741,Active.Live,Y
901288002989742,Active.Live,Y
901288002989743,Active.Live,Y
901288002989744,Active.Live,Y
901288002989745,Active.Live,Y
901288002989746,Active.Live,Y
901288002989747,Active.Live,Y
901288002989748,Active.Live,Y
901288002989749,Active.Live,Y
901288002989750,Active.Live,Y
901288002989752,Active.Live,Y
901288002989753,Active.Live,Y
901288002989754,Active.Live,Y
901288002989755,Active.Live,Y
901288002989756,Active.Live,Y
901288002989757,Active.Live,Y
901288002989758,Active.Live,Y
901288002989759,Active.Live,Y
901288002989760,Active.Live,Y
901288002989761,Active.Live,Y
901288002989762,Active.Live,Y
901288002989763,Active.Live,Y
901288002989764,Active.Live,Y
901288002989765,Active.Live,Y
901288002989766,Active.Live,Y
901288002989767,Active.Live,Y
901288002989768,Active.Live,Y
901288002989769,Active.Live,Y
901288002989770,Active.Live,Y
901288002989771,Active.Live,Y
901288002989772,Active.Live,Y
901288002989773,Active.Live,Y
901288002989774,Active.Live,Y
901288002989775,Active.Live,Y
901288002989776,Active.Live,Y
901288002989777,Active.Live,Y
901288002989778,Active.Live,Y
901288002989779,Active.Live,Y
901288002989780,Active.Live,Y
901288002989781,Active.Live,Y
901288002989782,Active.Live,Y
901288002989783,Active.Live,Y
901288002989784,Active.Live,Y
901288002989785,Active.Live,Y
901288002989786,Active.Live,Y
901288002989787,Active.Live,Y
901288002989788,Active.Live,Y
901288002989789,Active.Live,Y
901288002989790,Active.Live,Y
901288002989791,Active.Live,Y
901288002989792,Active.Live,Y
901288002989793,Active.Live,Y
901288002989794,Active.Live,Y
901288002989795,Active.Live,Y
901288002989796,Active.Live,Y
901288002989797,Active.Live,Y
901288002989798,Active.Live,Y
901288002989799,Active.Live,Y
901288002989800,Active.Live,Y
901288002989801,Active.Live,Y
901288002989803,Active.Live,Y
901288002989804,Active.Live,Y
901288002989805,Active.Live,Y
901288002989806,Active.Live,Y
901288002989807,Active.Live,Y
901288002989808,Active.Live,Y
901288002989809,Active.Live,Y
901288002989810,Active.Live,Y
901288002989811,Active.Live,Y
901288002989812,Active.Live,Y
901288002989813,Active.Live,Y
901288002989814,Active.Live,Y
901288002989815,Active.Live,Y
901288002989816,Active.Live,Y
901288002989817,Active.Live,Y
901288002989818,Active.Live,Y
901288002989819,Active.Live,Y
901288002989820,Active.Live,Y
901288002989821,Active.Live,Y
901288002989822,Active.Live,Y
901288002989823,Active.Live,Y
901288002989824,Active.Live,Y
901288002989825,Active.Live,Y
901288002989826,Active.Live,Y
901288002989827,Active.Live,Y
901288002989828,Active.Live,Y
901288002989829,Active.Live,Y
901288002989830,Active.Live,Y
901288002989831,Active.Live,Y
901288002989832,Active.Live,Y
901288002989833,Active.Live,Y
901288002989834,Active.Live,Y
901288002989835,Active.Live,Y
901288002989836,Active.Live,Y
901288002989838,Active.Live,Y
901288002989839,Active.Live,Y
901288002989840,Active.Live,Y
901288002989841,Active.Live,Y
901288002989842,Active.Live,Y
901288002989843,Active.Live,Y
901288002989844,Active.Live,Y
901288002989845,Active.Live,Y
901288002989846,Active.Live,Y
901288002989847,Active.Live,Y
901288002989848,Active.Live,Y
901288002989849,Active.Live,Y
901288002989850,Active.Live,Y
901288002989851,Active.Live,Y
901288002989852,Active.Live,Y
901288002989853,Active.Live,Y
901288002989854,Active.Live,Y
901288002989855,Active.Live,Y
901288002989856,Active.Live,Y
901288002989857,Active.Live,Y
901288002989858,Active.Live,Y
901288002989859,Active.Live,Y
901288002989860,Active.Live,Y
901288002989861,Active.Live,Y
901288002989862,Active.Live,Y
901288002989863,Active.Live,Y
901288002989864,Active.Live,Y
901288002989865,Active.Live,Y
901288002989866,Active.Live,Y
901288002989867,Active.Live,Y
901288002989868,Active.Live,Y
901288002989869,Active.Live,Y
901288002989870,Active.Live,Y
901288002989871,Active.Live,Y
901288002989872,Active.Live,Y
901288002989873,Active.Live,Y
901288002989874,Active.Live,Y
901288002989875,Active.Live,Y
901288002989876,Active.Live,Y
901288002989877,Active.Live,Y
901288002989878,Active.Live,Y
901288002989879,Active.Live,Y
901288002989880,Active.Live,Y
901288002989881,Active.Live,Y
901288002989882,Active.Live,Y
901288002989883,Active.Live,Y
901288002989884,Active.Live,Y
901288002989885,Active.Live,Y
901288002989886,Active.Live,Y
901288002989887,Active.Live,Y
901288002989888,Active.Live,Y
901288002989889,Active.Live,Y
901288002989890,Active.Live,Y
901288002989891,Active.Live,Y
901288002989892,Active.Live,Y
901288002989893,Active.Live,Y
901288002989894,Active.Live,Y
901288002989895,Active.Live,Y
901288002989896,Active.Live,Y
901288002989897,Active.Live,Y
901288002989898,Active.Live,Y
901288002989899,Active.Live,Y
901288002989900,Active.Live,Y
901288002989901,Active.Live,Y
901288002989902,Active.Live,Y
901288002989903,Active.Live,Y
901288002989904,Active.Live,Y
901288002989905,Active.Live,Y
901288002989906,Active.Live,Y
901288002989907,Active.Live,Y
901288002989908,Active.Live,Y
901288002989909,Active.Live,Y
901288002989910,Active.Live,Y
901288002989912,Active.Live,Y
901288002989913,Active.Live,Y
901288002989914,Active.Live,Y
901288002989915,Active.Live,Y
901288002989916,Active.Live,Y
901288002989917,Active.Live,Y
901288002989919,Active.Live,Y
901288002989920,Active.Live,Y
901288002989921,Active.Live,Y
901288002989922,Active.Live,Y
901288002989923,Active.Live,Y
901288002989924,Active.Live,Y
901288002989925,Active.Live,Y
901288002989926,Active.Live,Y
901288002989927,Active.Live,Y
901288002989928,Active.Live,Y
901288002989929,Active.Live,Y
901288002989930,Active.Live,Y
901288002989931,Active.Live,Y
901288002989932,Active.Live,Y
901288002989933,Active.Live,Y
901288002989934,Active.Live,Y
901288002989935,Active.Live,Y
901288002989936,Active.Live,Y
901288002989937,Active.Live,Y
901288002989938,Active.Live,Y
901288002989939,Active.Live,Y
901288002989940,Active.Live,Y
901288002989941,Active.Live,Y
901288002989942,Active.Live,Y
901288002989943,Active.Live,Y
901288002989944,Active.Live,Y
901288002989945,Active.Live,Y
901288002989946,Active.Live,Y
901288002989947,Active.Live,Y
901288002989949,Active.Live,Y
901288002989950,Active.Live,N
901288002989952,Active.Live,N
901288002989953,Active.Live,Y
901288002989954,Active.Live,Y
901288002989956,Active.Live,Y
901288002989957,Active.Live,N
901288002989960,Active.Live,Y
901288002989961,Active.Live,Y
901288002989962,Active.Live,Y
901288002989963,Active.Live,Y
901288002989964,Active.Live,Y
901288002989965,Active.Live,Y
901288002989966,Active.Live,Y
901288002989967,Active.Live,Y
901288002989968,Active.Live,Y
901288002989969,Active.Live,Y
901288002989970,Active.Live,Y
901288002989971,Active.Live,Y
901288002989972,Active.Live,Y
901288002989973,Active.Live,Y
901288002989974,Active.Live,Y
901288002989975,Active.Live,Y
901288002989976,Active.Live,Y
901288002989977,Active.Live,Y
901288002989978,Active.Live,Y
901288002989979,Active.Live,Y
901288002989980,Active.Live,Y
901288002989981,Active.Live,Y
901288002989982,Active.Live,Y
901288002989983,Active.Live,Y
901288002989984,Active.Live,Y
901288002989985,Active.Live,Y
901288002989986,Active.Live,Y
901288002989987,Active.Live,Y
901288002989988,Active.Live,Y
901288002989989,Active.Live,Y
901288002989990,Active.Live,Y
901288002989991,Active.Live,Y
901288002989992,Active.Live,Y
901288002989993,Active.Live,Y
901288002989994,Active.Live,Y
901288002989995,Active.Live,Y
901288002989996,Active.Live,Y
901288002989997,Active.Live,Y
901288002989998,Active.Live,Y
901288002989999,Active.Live,Y
901288002990000,Active.Live,Y
901288002990001,Active.Live,Y
901288002990002,Active.Live,Y
901288002990003,Active.Live,Y
901288002990004,Active.Live,Y
901288002990005,Active.Live,Y
901288002990006,Active.Live,Y
901288002990007,Active.Live,Y
901288002990008,Active.Live,Y
901288002990009,Active.Live,Y
901288002990010,Active.Live,Y
901288002990011,Active.Live,Y
901288002990012,Active.Live,Y
901288002990013,Active.Live,Y
901288002990014,Active.Live,Y
901288002990015,Active.Live,Y
901288002990016,Active.Live,Y
901288002990017,Active.Live,Y
901288002990018,Active.Live,Y
901288002990019,Active.Live,Y
901288002990020,Active.Live,Y
901288002990021,Active.Live,Y
901288002990022,Active.Live,Y
901288002990023,Active.Live,Y
901288002990024,Active.Live,Y
901288002990025,Active.Live,Y
901288002990026,Active.Live,Y
901288002990027,Active.Live,Y
901288002990028,Active.Live,Y
901288002990029,Active.Live,Y
901288002990030,Active.Live,Y
901288002990031,Active.Live,Y
901288002990032,Active.Live,Y
901288002990033,Active.Live,Y
901288002990034,Active.Live,Y
901288002990035,Active.Live,Y
901288002990036,Active.Live,Y
901288002990037,Active.Live,Y
901288002990038,Active.Live,Y
901288002990039,Active.Live,Y
901288002990040,Active.Live,Y
901288002990041,Active.Live,Y
901288002990042,Active.Live,Y
901288002990043,Active.Live,Y
901288002990044,Active.Live,Y
901288002990045,Active.Live,Y
901288002990046,Active.Live,Y
901288002990047,Active.Live,Y
901288002990048,Active.Live,Y
901288002990049,Active.Live,Y
901288002990050,Active.Live,Y
901288002990051,Active.Live,Y
901288002990052,Active.Live,Y
901288002990053,Active.Live,Y
901288002990054,Active.Live,Y
901288002990055,Active.Live,Y
901288002990056,Active.Live,Y
901288002990057,Active.Live,Y
901288002990058,Active.Live,Y
901288002990059,Active.Live,Y
901288002990060,Active.Live,Y
901288002990061,Active.Live,Y
901288002990062,Active.Live,Y
901288002990063,Active.Live,Y
901288002990064,Active.Live,Y
901288002990065,Active.Live,Y
901288002990066,Active.Live,Y
901288002990067,Active.Live,Y
901288002990068,Active.Live,Y
901288002990069,Active.Live,Y
901288002990070,Active.Live,Y
901288002990071,Active.Live,Y
901288002990072,Active.Live,Y
901288002990073,Active.Live,Y
901288002990074,Active.Live,Y
901288002990075,Active.Live,Y
901288002990076,Active.Live,Y
901288002990077,Active.Live,Y
901288002990078,Active.Live,Y
901288002990079,Active.Live,Y
901288002990080,Active.Live,Y
901288002990081,Active.Live,Y
901288002990082,Active.Live,Y
901288002990083,Active.Live,Y
901288002990084,Active.Live,Y
901288002990085,Active.Live,Y
901288002990086,Active.Live,Y
901288002990087,Active.Live,Y
901288002990088,Active.Live,Y
901288002990089,Active.Live,Y
901288002990090,Active.Live,Y
901288002990091,Active.Live,Y
901288002990092,Active.Live,Y
901288002990093,Active.Live,Y
901288002990094,Active.Live,Y
901288002990095,Active.Live,Y
901288002990096,Active.Live,Y
901288002990097,Active.Live,Y
901288002990098,Active.Live,Y
901288002990099,Active.Live,Y
901288002990100,Active.Live,Y
901288002990101,Active.Live,Y
901288002990102,Active.Live,Y
901288002990103,Active.Live,Y
901288002990104,Active.Live,Y
901288002990105,Active.Live,Y
901288002990106,Active.Live,Y
901288002990107,Active.Live,Y
901288002990108,Active.Live,Y
901288002990109,Active.Live,Y
901288002990110,Active.Live,Y
901288002990111,Active.Live,Y
901288002990112,Active.Live,Y
901288002990113,Active.Live,Y
901288002990114,Active.Live,Y
901288002990115,Active.Live,Y
901288002990116,Active.Live,Y
901288002990117,Active.Live,Y
901288002990118,Active.Live,Y
901288002990119,Active.Live,Y
901288002990120,Active.Live,Y
901288002990121,Active.Live,Y
901288002990122,Active.Live,Y
901288002990123,Active.Live,Y
901288002990124,Active.Live,Y
901288002990125,Active.Live,Y
901288002990126,Active.Live,Y
901288002990127,Active.Live,Y
901288002990128,Active.Live,Y
901288002990129,Active.Live,Y
901288002990130,Active.Live,Y
901288002990131,Active.Live,N
901288002990132,Active.Live,Y
901288002990133,Active.Live,Y
901288002990134,Active.Live,Y
901288002990135,Active.Live,Y
901288002990136,Active.Live,Y
901288002990137,Active.Live,Y
901288002990138,Active.Live,Y
901288002990139,Active.Live,Y
901288002990140,Active.Live,N
901288002990141,Active.Live,N
901288002990142,Active.Live,N
901288002990143,Active.Live,N
901288002990144,Active.Live,N
901288002990145,Active.Live,N
901288002990146,Active.Live,N
901288002990147,Active.Live,N
901288002990148,Active.Live,N
901288002990149,Active.Live,N
901288002990150,Active.Live,N
901288002990151,Active.Live,N
901288002990152,Active.Live,N
901288002991160,Active.Live,Y
901288002991161,Active.Live,Y
901288002991164,Active.Live,Y
901288002991166,Active.Live,Y
901288002991170,Active.Live,Y
901288002991174,Active.Live,Y
901288002991175,Active.Live,Y
901288002991176,Active.Live,Y
901288002991177,Active.Live,Y
901288002991178,Active.Live,Y
901288002991179,Active.Live,Y
901288002991180,Active.Live,Y
901288002991181,Active.Live,Y
901288002991198,Active.Live,Y
901288002991199,Active.Live,Y
901288002991200,Active.Live,Y
901288002991201,Active.Live,Y
901288002991202,Active.Live,Y
901288002991203,Active.Live,Y
901288002991204,Active.Live,Y
901288002991205,Active.Live,Y
901288002991215,Active.Live,Y
901288002991231,Active.Live,Y
901288002991233,Active.Live,Y
901288002991234,Active.Live,Y
901288002991235,Active.Live,Y
901288002991236,Active.Live,Y
901288002991246,Active.Live,Y
901288002991248,Active.Live,Y
901288002991249,Active.Live,Y
901288002991250,Active.Live,Y
901288002991251,Active.Live,Y
901288002991252,Active.Live,Y
901288002991253,Active.Live,Y
901288002991270,Active.Live,Y
901288002991271,Active.Live,Y
901288002991272,Active.Live,Y
901288002991273,Active.Live,Y
901288002991274,Active.Live,Y
901288002991275,Active.Live,Y
901288002991277,Active.Live,Y
901288002991300,Active.Live,Y
901288002991302,Active.Live,Y
901288002991304,Active.Live,Y
901288002991305,Active.Live,Y
901288002991306,Active.Live,Y
901288002991307,Active.Live,Y
901288002991308,Active.Live,Y
901288002991312,Active.Live,Y
901288002991315,Active.Live,Y
901288002991316,Active.Live,Y
901288002991363,Active.Live,Y
901288002991364,Active.Live,Y
901288002991368,Active.Live,Y
901288002991373,Active.Live,Y
901288002991380,Active.Live,Y
901288002991383,Active.Live,Y
901288002991391,Active.Live,Y
901288002991393,Active.Live,Y
901288002991399,Active.Live,Y
901288002991406,Active.Live,Y
901288002991408,Active.Live,Y
901288002991409,Active.Live,Y
901288002991410,Active.Live,Y
901288002991411,Active.Live,Y
901288002991412,Active.Live,Y
901288002991413,Active.Live,Y
901288002991414,Active.Live,Y
901288002991434,Active.Live,Y
901288002991455,Active.Live,Y
901288002991456,Active.Live,Y
901288002991457,Active.Live,Y
901288002991462,Active.Live,Y
901288002991463,Active.Live,Y
901288002991468,Active.Live,Y
901288002991479,Active.Live,Y
901288002991494,Active.Live,Y
901288002991495,Active.Live,Y
901288002991496,Active.Live,Y
901288002991497,Active.Live,Y
901288002991498,Active.Live,Y
901288002991499,Active.Live,Y
901288002991506,Active.Live,Y
901288002991509,Active.Live,Y
901288002991510,Active.Live,Y
901288002991525,Active.Live,Y
901288002991533,Active.Live,Y
901288002991541,Active.Live,Y
901288002991545,Active.Live,Y
901288002991547,Active.Live,Y
901288002991548,Active.Live,Y
901288002991551,Active.Live,Y
901288002991554,Active.Live,Y
901288002991555,Active.Live,Y
901288002991559,Active.Live,Y
901288002991560,Active.Live,Y
901288002991561,Active.Live,Y
901288002991566,Active.Live,Y
901288002991569,Active.Live,Y
901288002991571,Active.Live,Y
901288002991572,Active.Live,Y
901288002991573,Active.Live,Y
901288002991590,Active.Live,Y
901288002991591,Active.Live,Y
901288002991594,Active.Live,Y
901288002991596,Active.Live,Y
901288002991597,Active.Live,Y
901288002991606,Active.Live,Y
901288002991622,Active.Live,Y
901288002991623,Active.Live,Y
901288002991625,Active.Live,Y
901288002991626,Active.Live,Y
901288002991627,Active.Live,Y
901288002991629,Active.Live,Y
901288002991640,Active.Live,Y
901288002991641,Active.Live,Y
901288002991642,Active.Live,Y
901288002991643,Active.Live,Y
901288002991644,Active.Live,Y
901288002991645,Active.Live,Y
901288002991649,Active.Live,Y
901288002991652,Active.Live,Y
901288002991654,Active.Live,Y
901288002991655,Active.Live,Y
901288002991656,Active.Live,Y
901288002991658,Active.Live,Y
901288003957931,Active.Live,N
901288003957932,Active.Live,N
901288003957934,Active.Live,N
901288003957936,Active.Live,N
901288003957937,Active.Live,N
901288003957938,Active.Live,N
901288003957939,Active.Live,N
901288003957940,Active.Live,N
901288910014001,Active.Live,Y
901288910014002,Active.Live,Y
901288910014003,Active.Live,N
901288910014004,Active.Live,N
901288910014005,Active.Live,N
901288910014006,Active.Live,Y
901288910014007,Active.Live,N
901288910014008,Active.Live,N
901288910014009,Active.Live,N
901288910014010,Active.Live,N
901288910014011,Active.Live,N
901288910014012,Active.Live,N
901288910014013,Active.Live,N
901288910014014,Active.Live,N
901288910014015,Active.Live,N
901288910014016,Active.Live,N
901288910014017,Active.Live,N
901288910014018,Active.Live,Y
901288910014019,Active.Live,N
901288910014020,Active.Live,Y
901288910014022,Active.Live,N
901288910014023,Active.Live,N
901288910014024,Active.Live,N
901288910014025,Active.Live,N
901288910014026,Active.Live,N
901288910014027,Active.Live,N
901288910014028,Active.Live,N
901288910014029,Active.Live,N
901288910014030,Active.Live,N
901288910014031,Active.Live,N
901288910014032,Active.Live,N
901288910014033,Active.Live,N
901288910014034,Active.Live,Y
901288910014035,Active.Live,Y
901288910014036,Active.Live,N
901288910014037,Active.Live,Y
901288910014038,Active.Live,Y
901288910014039,Active.Live,Y
901288910014040,Active.Live,Y
901288910014041,Active.Live,Y
901288910014042,Active.Live,Y
901288910014043,Active.Live,Y
901288910014044,Active.Live,Y
901288910014045,Active.Live,Y
901288910014046,Active.Live,N
901288910014047,Active.Live,Y
901288910014048,Active.Live,Y
901288910014049,Active.Live,Y
901288910014050,Active.Live,Y
901288910014051,Active.Live,Y
901288910014052,Active.Live,Y
901288910014053,Active.Live,Y
901288910014054,Active.Live,Y
901288910014056,Active.Live,Y
901288910014057,Active.Live,Y
901288910014058,Active.Live,Y
901288910014059,Active.Live,Y
901288910014060,Active.Live,Y
901288910014061,Active.Live,N
901288910014062,Active.Live,Y
901288910014063,Active.Live,Y
901288910014064,Active.Live,Y
901288910014065,Active.Live,N
901288910014066,Active.Live,Y
901288910014067,Active.Live,N
901288910014068,Active.Live,Y
901288910014069,Active.Live,Y
901288910014070,Active.Live,Y
901288910014071,Active.Live,N
901288910014072,Active.Live,Y
901288910014073,Active.Live,Y
901288910014074,Active.Live,N
901288910014075,Active.Live,Y
901288910014076,Active.Live,Y
901288910014077,Active.Live,Y
901288910014078,Active.Live,Y
901288910014079,Active.Live,Y
901288910014080,Active.Live,N
901288910014081,Active.Live,Y
901288910014082,Active.Live,Y
901288910014083,Active.Live,Y
901288910014084,Active.Live,Y
901288910014087,Active.Live,Y
901288910014089,Active.Live,Y
901288910014100,Active.Live,Y
901288910014103,Active.Live,Y
901288910014110,Active.Live,Y
901288910014111,Active.Live,Y
901288910014112,Active.Live,Y
901288910014113,Active.Live,Y
901288910014115,Active.Live,Y
901288910014118,Active.Live,Y
901288910014119,Active.Live,Y
901288910014120,Active.Live,Y
901288910014121,Active.Live,Y
901288910014122,Active.Live,Y
901288910014123,Active.Live,Y
901288910014124,Active.Live,Y
901288910014126,Active.Live,Y
901288910014131,Active.Live,Y
901288910014132,Active.Live,Y
901288910014133,Active.Live,Y
901288910014134,Active.Live,Y
901288910014135,Active.Live,Y
901288910014136,Active.Live,Y
901288910014138,Active.Live,Y
901288910014142,Active.Live,Y
901288910014143,Active.Live,Y
901288910014144,Active.Live,Y
901288910014146,Active.Live,Y
901288910014147,Active.Live,Y
901288910014148,Active.Live,Y
901288910014149,Active.Live,Y
901288910014150,Active.Live,Y
901288910014151,Active.Live,Y
901288910014152,Active.Live,Y
901288910014153,Active.Live,Y
901288910014154,Active.Live,Y
901288910014155,Active.Live,Y
901288910014156,Active.Live,Y
901288910014157,Active.Live,Y
901288910014158,Active.Live,Y
901288910014159,Active.Live,Y
901288910014160,Active.Live,Y
901288910014161,Active.Live,Y
901288910014162,Active.Live,Y
901288910014163,Active.Live,Y
901288910014164,Active.Live,Y
901288910014165,Active.Live,Y
901288910014166,Active.Live,Y
901288910014167,Active.Live,Y
901288910014168,Active.Live,Y
901288910014169,Active.Live,Y
901288910014170,Active.Live,Y
901288910014171,Active.Live,Y
901288910014173,Active.Live,Y
901288910014174,Active.Live,Y
901288910014175,Active.Live,Y
901288910014176,Active.Live,Y
901288910014177,Active.Live,Y
901288910014178,Active.Live,Y
901288910014179,Active.Live,Y
901288910014180,Active.Live,Y
901288910014182,Active.Live,N
901288910014184,Active.Live,N
901288910014185,Active.Live,N
901288910015500,Active.Live,Y
901288910015501,Active.Live,Y
901288910015502,Active.Live,Y
901288910015503,Active.Live,Y
901288910015504,Active.Live,Y
901288910015505,Active.Live,Y
901288910015506,Active.Live,Y
901288910015507,Active.Live,Y
901288910015508,Active.Live,Y
901288910015509,Active.Live,Y
901288910015510,Active.Live,Y
901288910015511,Active.Live,Y
901288910015512,Active.Live,Y
901288910015513,Active.Live,Y
901288910015514,Active.Live,Y
901288910015515,Active.Live,Y
901288910015516,Active.Live,Y
901288910015517,Active.Live,Y
901288910015518,Active.Live,Y
901288910015519,Active.Live,Y
901288910015520,Active.Live,Y
901288910015521,Active.Live,Y
901288910015522,Active.Live,Y
901288910015524,Active.Live,Y
901288910015525,Active.Live,Y
901288910015526,Active.Live,Y
901288910015527,Active.Live,Y
901288910015528,Active.Live,Y
901288910015529,Active.Live,Y
901288910015530,Active.Live,Y
901288910015531,Active.Live,Y
901288910015533,Active.Live,Y
901288910015534,Active.Live,Y
901288910015535,Active.Live,Y
901288910015536,Active.Live,Y
901288910015537,Active.Live,Y
901288910015538,Active.Live,Y
901288910015539,Active.Live,Y
901288910015540,Active.Live,Y
901288910015541,Active.Live,Y
901288910015542,Active.Live,Y
901288910015543,Active.Live,Y
901288910015544,Active.Live,Y
901288910015545,Active.Live,Y
901288910015546,Active.Live,Y
901288910015547,Active.Live,Y
901288910015548,Active.Live,Y
901288910015549,Active.Live,Y
901288910015550,Active.Live,Y
901288910015551,Active.Live,Y
901288910015552,Active.Live,Y
901288910015553,Active.Live,Y
901288910015554,Active.Live,Y
901288910015555,Active.Live,Y
901288910015556,Active.Live,Y
901288910015557,Active.Live,Y
901288910015558,Active.Live,Y
901288910015559,Active.Live,Y
901288910015560,Active.Live,Y
901288910015561,Active.Live,Y
901288910015562,Active.Live,Y
901288910015563,Active.Live,Y
901288910015564,Active.Live,Y
901288910015565,Active.Live,Y
901288910015566,Active.Live,Y
901288910015567,Active.Live,Y
901288910015568,Active.Live,Y
901288910015569,Active.Live,Y
901288910015570,Active.Live,Y
901288910015571,Active.Live,Y
901288910015572,Active.Live,Y
901288910015573,Active.Live,Y
901288910015574,Active.Live,Y
901288910015575,Active.Live,Y
901288910015576,Active.Live,Y
901288910015577,Active.Live,Y
901288910015578,Active.Live,Y
901288910015579,Active.Live,Y
901288910015580,Active.Live,Y
901288910015581,Active.Live,Y
901288910015582,Active.Live,Y
901288910015583,Active.Live,Y
901288910015584,Active.Live,Y
901288910015585,Active.Live,Y
901288910015586,Active.Live,Y
901288910015587,Active.Live,Y
901288910015588,Active.Live,Y
901288910015589,Active.Live,Y
901288910015590,Active.Live,Y
901288910015591,Active.Live,Y
901288910015592,Active.Live,Y
901288910015593,Active.Live,Y
901288910015594,Active.Live,Y
901288910015595,Active.Live,Y
901288910015596,Active.Live,Y
901288910015597,Active.Live,Y
901288910015598,Active.Live,Y
901288910015599,Active.Live,Y
901288910015600,Active.Live,Y
901288910015601,Active.Live,Y
901288910015602,Active.Live,Y
901288910015603,Active.Live,Y
901288910015604,Active.Live,Y
901288910015605,Active.Live,Y
901288910015606,Active.Live,Y
901288910015607,Active.Live,Y
901288910015608,Active.Live,Y
901288910015609,Active.Live,Y
901288910015610,Active.Live,Y
901288910015611,Active.Live,Y
901288910015612,Active.Live,Y
901288910015613,Active.Live,Y
901288910015614,Active.Live,Y
901288910015615,Active.Live,Y
901288910015616,Active.Live,Y
901288910015617,Active.Live,Y
901288910015618,Active.Live,Y
901288910015619,Active.Live,Y
901288910015620,Active.Live,Y
901288910015621,Active.Live,Y
901288910015622,Active.Live,Y
901288910015623,Active.Live,Y
901288910015624,Active.Live,Y
901288910015625,Active.Live,Y
901288910015626,Active.Live,Y
901288910015627,Active.Live,Y
901288910015628,Active.Live,Y
901288910015629,Active.Live,Y
901288910015630,Active.Live,Y
901288910015631,Active.Live,Y
901288910015632,Active.Live,Y
901288910015633,Active.Live,Y
901288910015634,Active.Live,Y
901288910015635,Active.Live,Y
901288910015636,Active.Live,Y
901288910015637,Active.Live,Y
901288910015638,Active.Live,Y
901288910015639,Active.Live,Y
901288910015640,Active.Live,Y
901288910015641,Active.Live,Y
901288910015642,Active.Live,Y
901288910015643,Active.Live,Y
901288910015644,Active.Live,Y
901288910015645,Active.Live,Y
901288910015646,Active.Live,Y
901288910015647,Active.Live,Y
901288910015648,Active.Live,Y
901288910015649,Active.Live,Y
901288910015650,Active.Live,Y
901288910015651,Active.Live,Y
901288910015652,Active.Live,Y
901288910015653,Active.Live,Y
901288910015654,Active.Live,Y
901288910015655,Active.Live,Y
901288910015656,Active.Live,Y
901288910015657,Active.Live,Y
901288910015658,Active.Live,Y
901288910015659,Active.Live,Y
901288910015660,Active.Live,Y
901288910015661,Active.Live,Y
901288910015662,Active.Live,Y
901288910015663,Active.Live,Y
901288910015664,Active.Live,Y
901288910015665,Active.Live,Y
901288910015666,Active.Live,Y
901288910015667,Active.Live,Y
901288910015668,Active.Live,Y
901288910015669,Active.Live,Y
901288910015671,Active.Live,Y
901288910015672,Active.Live,Y
901288910015673,Active.Live,Y
901288910015674,Active.Live,Y
901288910015675,Active.Live,Y
901288910015676,Active.Live,Y
901288910015677,Active.Live,Y
901288910015678,Active.Live,Y
901288910015679,Active.Live,Y
901288910015680,Active.Live,Y
901288910015681,Active.Live,Y
901288910015682,Active.Live,Y
901288910015683,Active.Live,Y
901288910015685,Active.Live,Y
901288910015686,Active.Live,Y
901288910015687,Active.Live,Y
901288910015688,Active.Live,Y
901288910015689,Active.Live,Y
901288910015691,Active.Live,Y
901288910015692,Active.Live,Y
901288910015693,Active.Live,Y
901288910015694,Active.Live,Y
901288910015695,Active.Live,Y
901288910015697,Active.Live,Y
901288910015698,Active.Live,Y
901288910015699,Active.Live,Y
901288910015700,Active.Live,Y
901288910015701,Active.Live,Y
901288910015702,Active.Live,Y
901288910015703,Active.Live,Y
901288910015704,Active.Live,Y
901288910015705,Active.Live,Y
901288910015706,Active.Live,Y
901288910015707,Active.Live,Y
901288910015710,Active.Live,N
901288910015712,Active.Live,Y
901288910015713,Active.Live,Y
901288910015714,Active.Live,Y
901288910015715,Active.Live,Y
901288910015716,Active.Live,Y
901288910015717,Active.Live,Y
901288910015718,Active.Live,Y
901288910015719,Active.Live,Y
901288910015720,Active.Live,Y
901288910015721,Active.Live,Y
901288910015722,Active.Live,Y
901288910015723,Active.Live,Y
901288910015724,Active.Live,Y
901288910015725,Active.Live,Y
901288910015726,Active.Live,Y
901288910015727,Active.Live,Y
901288910015728,Active.Live,Y
901288910015729,Active.Live,Y
901288910015730,Active.Live,Y
901288910015731,Active.Live,Y
901288910015732,Active.Live,Y
901288910015733,Active.Live,Y
901288910015734,Active.Live,Y
901288910015735,Active.Live,Y
901288910015736,Active.Live,Y
901288910015737,Active.Live,Y
901288910015738,Active.Live,Y
901288910015739,Active.Live,Y
901288910015740,Active.Live,Y
901288910015741,Active.Live,Y
901288910015742,Active.Live,Y
901288910015743,Active.Live,Y
901288910015744,Active.Live,Y
901288910015745,Active.Live,Y
901288910015746,Active.Live,Y
901288910015747,Active.Live,Y
901288910015749,Active.Live,Y
901288910015750,Active.Live,Y
901288910015752,Active.Live,Y
901288910015753,Active.Live,Y
901288910015754,Active.Live,Y
901288910015755,Active.Live,Y
901288910015756,Active.Live,Y
901288910015757,Active.Live,Y
901288910015758,Active.Live,Y
901288910015760,Active.Live,Y
901288910015761,Active.Live,Y
901288910015762,Active.Live,Y
901288910015763,Active.Live,Y
901288910015764,Active.Live,Y
901288910015765,Active.Live,Y
901288910015766,Active.Live,Y
901288910015767,Active.Live,Y
901288910015768,Active.Live,Y
901288910015770,Active.Live,Y
901288910015771,Active.Live,Y
901288910015772,Active.Live,Y
901288910015773,Active.Live,Y
901288910015774,Active.Live,Y
901288910015775,Active.Live,Y
901288910015776,Active.Live,Y
901288910015777,Active.Live,Y
901288910015778,Active.Live,Y
901288910015779,Active.Live,Y
901288910015780,Active.Live,Y
901288910015781,Active.Live,Y
901288910015782,Active.Live,Y
901288910015783,Active.Live,Y
901288910015784,Active.Live,Y
901288910015785,Active.Live,Y
901288910015786,Active.Live,Y
901288910015787,Active.Live,Y
901288910015788,Active.Live,Y
901288910015789,Active.Live,Y
901288910015790,Active.Live,Y
901288910015791,Active.Live,Y
901288910015792,Active.Live,Y
901288910015793,Active.Live,Y
901288910015794,Active.Live,Y
901288910015795,Active.Live,Y
901288910015796,Active.Live,Y
901288910015797,Active.Live,Y
901288910015798,Active.Live,Y
901288910015799,Active.Live,Y
901288910015800,Active.Live,Y
901288910015801,Active.Live,Y
901288910015802,Active.Live,Y
901288910015803,Active.Live,Y
901288910015804,Active.Live,Y
901288910015805,Active.Live,Y
901288910015806,Active.Live,Y
901288910015807,Active.Live,Y
901288910015808,Active.Live,Y
901288910015809,Active.Live,Y
901288910015810,Active.Live,Y
901288910015811,Active.Live,Y
901288910015812,Active.Live,Y
901288910015813,Active.Live,Y
901288910015814,Active.Live,Y
901288910015815,Active.Live,Y
901288910015816,Active.Live,Y
901288910015817,Active.Live,Y
901288910015818,Active.Live,Y
901288910015819,Active.Live,Y
901288910015820,Active.Live,Y
901288910015821,Active.Live,Y
901288910015822,Active.Live,Y
901288910015823,Active.Live,Y
901288910015824,Active.Live,Y
901288910015825,Active.Live,Y
901288910015826,Active.Live,Y
901288910015827,Active.Live,Y
901288910015830,Active.Live,Y
901288910015832,Active.Live,Y
901288910015833,Active.Live,Y
901288910015835,Active.Live,Y
901288910015836,Active.Live,Y
901288910015837,Active.Live,Y
901288910015839,Active.Live,Y
901288910015840,Active.Live,Y
901288910015841,Active.Live,Y
901288910015842,Active.Live,Y
901288910015843,Active.Live,Y
901288910015844,Active.Live,Y
901288910015845,Active.Live,Y
901288910015846,Active.Live,Y
901288910015847,Active.Live,Y
901288910015848,Active.Live,Y
901288910015849,Active.Live,Y
901288910015850,Active.Live,Y
901288910015851,Active.Live,Y
901288910015852,Active.Live,Y
901288910015853,Active.Live,Y
901288910015854,Active.Live,Y
901288910015855,Active.Live,Y
901288910015856,Active.Live,Y
901288910015857,Active.Live,Y
901288910015858,Active.Live,Y
901288910015859,Active.Live,Y
901288910015860,Active.Live,Y
901288910015861,Active.Live,Y
901288910015862,Active.Live,Y
901288910015863,Active.Live,Y
901288910015864,Active.Live,Y
901288910015865,Active.Live,Y
901288910015866,Active.Live,Y
901288910015867,Active.Live,Y
901288910015868,Active.Live,Y
901288910015869,Active.Live,Y
901288910015870,Active.Live,Y
901288910015871,Active.Live,Y
901288910015872,Active.Live,Y
901288910015873,Active.Live,Y
901288910015874,Active.Live,Y
901288910015875,Active.Live,Y
901288910015876,Active.Live,Y
901288910015877,Active.Live,Y
901288910015878,Active.Live,Y
901288910015879,Active.Live,Y
901288910015880,Active.Live,Y
901288910015881,Active.Live,Y
901288910015882,Active.Live,Y
901288910015883,Active.Live,Y
901288910015884,Active.Live,Y
901288910015885,Active.Live,Y
901288910015886,Active.Live,Y
901288910015887,Active.Live,Y
901288910015888,Active.Live,Y
901288910015889,Active.Live,Y
901288910015890,Active.Live,Y
901288910015891,Active.Live,Y
901288910015892,Active.Live,Y
901288910015893,Active.Live,Y
901288910015894,Active.Live,Y
901288910015895,Active.Live,Y
901288910015896,Active.Live,Y
901288910015897,Active.Live,Y
901288910015898,Active.Live,Y
901288910015899,Active.Live,Y
901288910017250,Active.Live,Y
901288910017251,Active.Live,N
901288910017252,Active.Live,N
901288910017253,Active.Live,N
901288910017254,Active.Live,N
901288910017255,Active.Live,N
901288910017256,Active.Live,N
901288910017257,Active.Live,N
901288910017258,Active.Live,N
901288910017259,Active.Live,N
901288910017260,Active.Live,N
901288910017261,Active.Live,N
901288910017262,Active.Live,N
901288910017263,Active.Live,N
901288910017264,Active.Live,N
901288910017265,Active.Live,N
901288910017266,Active.Live,N
901288910017267,Active.Live,N
901288910017268,Active.Live,N
901288910017269,Active.Live,N
901288910017270,Active.Live,N
901288910017271,Active.Live,N
901288910017272,Active.Live,N
901288910017273,Active.Live,N
901288910017274,Active.Live,N
901288910017275,Active.Live,N
901288910017276,Active.Live,N
901288910017279,Active.Live,N
901288910017280,Active.Live,N
901288910017281,Active.Live,N
901288910017282,Active.Live,N
901288910017283,Active.Live,N
901288910017284,Active.Live,N
901288910017285,Active.Live,N
901288910017286,Active.Live,N
901288910017287,Active.Live,N
901288910017288,Active.Live,N
901288910017289,Active.Live,N
901288910017290,Active.Live,N
901288910017292,Active.Live,N
901288910017293,Active.Live,N
901288910017294,Active.Live,N
901288910017295,Active.Live,N
901288910017296,Active.Live,N
901288910017297,Active.Live,N
901288910017298,Active.Live,N
901288910017299,Active.Live,N
901288910018750,Active.Live,N
901288910018755,Active.Live,N
901288910018756,Active.Live,N
901288910018757,Active.Live,N
901288910018758,Active.Live,N
901288910018759,Active.Live,N
901288910018760,Active.Live,N
901288910018761,Active.Live,N
901288910018762,Active.Live,N
901288910018763,Active.Live,N
901288910018764,Active.Live,N
901288910018765,Active.Live,N
901288910018766,Active.Live,N
901288910018767,Active.Live,N
901288910018768,Active.Live,N
901288910018769,Active.Live,N
901288910018770,Active.Live,N
901288910018771,Active.Live,N
901288910018774,Active.Live,N
901288910018775,Active.Live,N
901288910018776,Active.Live,N
901288910018777,Active.Live,N
901288910018778,Active.Live,N
901288910018781,Active.Live,N
901288910018782,Active.Live,N
901288910018783,Active.Live,N
901288910018784,Active.Live,N
901288910018785,Active.Live,N
901288910018786,Active.Live,N
901288910018788,Active.Live,N
901288910018789,Active.Live,N
901288910018791,Active.Live,N
901288910018792,Active.Live,N
901288910018793,Active.Live,N
901288910018794,Active.Live,N
901288910018795,Active.Live,N
901288910018796,Active.Live,N
901288910018797,Active.Live,N
901288910018798,Active.Live,N
901288910018799,Active.Live,N
901288910018800,Active.Live,N
901288910018802,Active.Live,N
901288910018803,Active.Live,N
901288910018804,Active.Live,N
901288910018805,Active.Live,N
901288910018806,Active.Live,N
901288910018807,Active.Live,N
901288910018808,Active.Live,N
901288910018809,Active.Live,N
901288910018810,Active.Live,N
901288910018811,Active.Live,N
901288910018812,Active.Live,N
901288910018813,Active.Live,N
901288910018814,Active.Live,N
901288910018815,Active.Live,N
901288910018816,Active.Live,N
901288910018817,Active.Live,N
901288910018818,Active.Live,N
901288910018819,Active.Live,N
901288910018820,Active.Live,N
901288910018821,Active.Live,N
901288910018822,Active.Live,N
901288910018823,Active.Live,N
901288910018824,Active.Live,N
901288910018825,Active.Live,N
901288910018826,Active.Live,N
901288910018827,Active.Live,N
901288910018828,Active.Live,N
901288910018829,Active.Live,N
901288910018830,Active.Live,N
901288910018831,Active.Live,N
901288910018832,Active.Live,N
901288910018833,Active.Live,N
901288910018836,Active.Live,N
901288910018837,Active.Live,N
901288910018838,Active.Live,N
901288910018839,Active.Live,N
901288910018840,Active.Live,N
901288910018841,Active.Live,N
901288910018842,Active.Live,N
901288910018843,Active.Live,N
901288910018844,Active.Live,N
901288910018845,Active.Live,N
901288910018846,Active.Live,N
901288910018847,Active.Live,N
901288910018848,Active.Live,N
901288910018849,Active.Live,N
901288910018850,Active.Live,N
901288910018851,Active.Live,N
901288910018852,Active.Live,N
901288910018853,Active.Live,N
901288910018854,Active.Live,N
901288910018855,Active.Live,N
901288910018856,Active.Live,N
901288910018857,Active.Live,N
901288910018858,Active.Live,N
901288910018859,Active.Live,N
901288910018860,Active.Live,N
901288910018861,Active.Live,N
901288910018862,Active.Live,N
901288910018863,Active.Live,N
901288910018864,Active.Live,N
901288910018865,Active.Live,N
901288910018866,Active.Live,N
901288910018867,Active.Live,N
901288910018868,Active.Live,N
901288910018869,Active.Live,N
901288910018870,Active.Live,N
901288910018871,Active.Live,N
901288910018872,Active.Live,N
901288910018873,Active.Live,N
901288910018874,Active.Live,N
901288910018875,Active.Live,N
901288910018876,Active.Live,N
901288910018877,Active.Live,N
901288910018878,Active.Live,N
901288910018879,Active.Live,N
901288910018880,Active.Live,N
901288910018881,Active.Live,N
901288910018882,Active.Live,N
901288910018883,Active.Live,N
901288910018884,Active.Live,N
901288910018885,Active.Live,N
901288910018886,Active.Live,N
901288910018887,Active.Live,N
901288910018888,Active.Live,N
901288910018889,Active.Live,N
901288910018890,Active.Live,N
901288910018891,Active.Live,N
901288910018892,Active.Live,N
901288910018893,Active.Live,N
901288910018894,Active.Live,N
901288910018895,Active.Live,N
901288910018896,Active.Live,N
901288910018897,Active.Live,N
901288910018898,Active.Live,N
901288910018899,Active.Live,N
901288910018900,Active.Live,N
901288910018901,Active.Live,N
901288910018902,Active.Live,N
901288910018903,Active.Live,N
901288910018904,Active.Live,Y
901288910018905,Active.Live,Y
901288910018906,Active.Live,Y
901288910018907,Active.Live,Y
901288910018908,Active.Live,Y
901288910018909,Active.Live,Y
901288910018910,Active.Live,Y
901288910018911,Active.Live,Y
901288910018912,Active.Live,Y
901288910018913,Active.Live,Y
901288910018914,Active.Live,Y
901288910018915,Active.Live,Y
901288910018916,Active.Live,Y
901288910018917,Active.Live,Y
901288910018918,Active.Live,Y
901288910018919,Active.Live,Y
901288910018920,Active.Live,Y
901288910018922,Active.Live,Y
901288910018923,Active.Live,Y
901288910018924,Active.Live,Y
901288910018925,Active.Live,Y
901288910018926,Active.Live,Y
901288910018927,Active.Live,Y
901288910018928,Active.Live,Y
901288910018929,Active.Live,Y
901288910018930,Active.Live,Y
901288910018931,Active.Live,Y
901288910018932,Active.Live,N
901288910018933,Active.Live,N
901288910018934,Active.Live,N
901288910018935,Active.Live,N
901288910018936,Active.Live,N
901288910018937,Active.Live,N
901288910018938,Active.Live,N
901288910018939,Active.Live,N
901288910018940,Active.Live,N
901288910018941,Active.Live,N
901288910018942,Active.Live,N
901288910018943,Active.Live,N
901288910018944,Active.Live,N
901288910018945,Active.Live,N
901288910018946,Active.Live,N
901288910018947,Active.Live,N
901288910018948,Active.Live,N
901288910018949,Active.Live,N
901288910018950,Active.Live,N
901288910018951,Active.Live,N
901288910018952,Active.Live,N
901288910018953,Active.Live,N
901288910018954,Active.Live,N
901288910018955,Active.Live,N
901288910018956,Active.Live,N
901288910018957,Active.Live,N
901288910018958,Active.Live,N
901288910018959,Active.Live,N
901288910018960,Active.Live,N
901288910018961,Active.Live,N
901288910018962,Active.Live,N
901288910018963,Active.Live,Y
901288910018964,Active.Live,Y
901288910018965,Active.Live,Y
901288910018966,Active.Live,Y
901288910018967,Active.Live,Y
901288910018968,Active.Live,Y
901288910018969,Active.Live,Y
901288910018970,Active.Live,Y
901288910018971,Active.Live,Y
901288910018972,Active.Live,Y
901288910018973,Active.Live,Y
901288910018974,Active.Live,Y
901288910018975,Active.Live,Y
901288910018976,Active.Live,Y
901288910018977,Active.Live,Y
901288910018978,Active.Live,N
901288910018979,Active.Live,N
901288910018980,Active.Live,N
901288910018981,Active.Live,N
901288910018982,Active.Live,N
901288910018983,Active.Live,N
901288910018984,Active.Live,N
901288910018985,Active.Live,N
901288910018987,Active.Live,N
901288910018988,Active.Live,N
901288910018990,Active.Live,N
901288910018993,Active.Live,N
901288910018996,Active.Live,N
901288910018997,Active.Live,N
901288910018998,Active.Live,N
901288910018999,Active.Live,N
901288910099750,Active.Live,N
901288910099751,Active.Live,N
901288910099752,Active.Live,N
901288910099753,Active.Live,N
901288910099754,Active.Live,N
901288910099755,Active.Live,N
901288910099756,Active.Live,N
901288910099757,Active.Live,N
901288910099758,Active.Live,N
901288910099759,Active.Live,N
901288910099760,Active.Live,N
901288910099761,Active.Live,N
901288910099762,Active.Live,N
901288910099763,Active.Live,N
901288910099764,Active.Live,N
901288910099765,Active.Live,N
901288910099766,Active.Live,N
901288910099767,Active.Live,N
901288910099768,Active.Live,N
901288910099769,Active.Live,N
901288910099770,Active.Live,N
901288910099771,Active.Live,N
901288910099772,Active.Live,N
901288910099773,Active.Live,N
901288910099774,Active.Live,N
901288910099775,Active.Live,N
901288910099776,Active.Live,N
901288910099777,Active.Live,N
901288910099778,Active.Live,N
901288910099779,Active.Live,N
901288910099780,Active.Live,N
901288910099781,Active.Live,N
901288910099782,Active.Live,N
901288910099783,Active.Live,N
901288910099784,Active.Live,N
901288910099785,Active.Live,N
901288910099786,Active.Live,N
901288910099787,Active.Live,N
901288910099788,Active.Live,N
901288910099789,Active.Live,N
901288910099790,Active.Live,N
901288910099791,Active.Live,N
901288910099792,Active.Live,N
901288910099793,Active.Live,N
901288910099794,Active.Live,N
901288910099795,Active.Live,N
901288910099796,Active.Live,N
901288910099797,Active.Live,N
901288910099798,Active.Live,N
901288910099799,Active.Live,N
901288910099824,Active.Live,N
901288910099829,Active.Live,N
901288910099830,Active.Live,N
901288910099834,Active.Live,N
901288910099841,Active.Live,N
901288910099842,Active.Live,N
901288910099843,Active.Live,N
901288910099844,Active.Live,N
901288910099845,Active.Live,N
901288910099846,Active.Live,N
901288910099847,Active.Live,N
901288910099848,Active.Live,N
901288910099854,Active.Live,N
901288910099855,Active.Live,N
901288910099856,Active.Live,N
901288910099859,Active.Live,N
901288910099888,Active.Live,N
901288910099892,Active.Live,N
901288910099903,Active.Live,N
901288910099904,Active.Live,N
901288910099911,Active.Live,N
901288910099915,Active.Live,N
901288910099917,Active.Live,N
901288910099927,Active.Live,N
901288910099938,Active.Live,N
901288910099941,Active.Live,N
901288910099944,Active.Live,N
901288910099947,Active.Live,N
901288910099951,Active.Live,N
901288910099963,Active.Live,N
901288910099967,Active.Live,N
901288910099977,Active.Live,N
901288910099986,Active.Live,N
901288910099988,Active.Live,N
901288910099989,Active.Live,N
901288910100000,Active.Live,N
901288910100001,Active.Live,N
901288910100002,Active.Live,N
901288910100003,Active.Live,N
901288910100004,Active.Live,N
901288910100005,Active.Live,N
901288910100006,Active.Live,N
901288910100007,Active.Live,N
901288910100008,Active.Live,N
901288910100009,Active.Live,N
901288910100010,Active.Live,N
901288910100011,Active.Live,N
901288910100012,Active.Live,N
901288910100013,Active.Live,N
901288910100014,Active.Live,N
901288910100015,Active.Live,N
901288910100016,Active.Live,N
901288910100017,Active.Live,N
901288910100018,Active.Live,N
901288910100019,Active.Live,N
901288910100020,Active.Live,N
901288910100021,Active.Live,N
901288910100022,Active.Live,N
901288910100023,Active.Live,N
901288910100024,Active.Live,N
901288910100025,Active.Live,N
901288910100026,Active.Live,N
901288910100027,Active.Live,N
901288910100028,Active.Live,N
901288910100029,Active.Live,N
901288910100030,Active.Live,N
901288910100031,Active.Live,N
901288910100032,Active.Live,N
901288910100033,Active.Live,N
901288910100035,Active.Live,N
901288910100036,Active.Live,N
901288910100037,Active.Live,N
901288910100038,Active.Live,N
901288910100039,Active.Live,N
901288910100040,Active.Live,N
901288910100041,Active.Live,N
901288910100042,Active.Live,N
901288910100043,Active.Live,N
901288910100044,Active.Live,N
901288910100045,Active.Live,N
901288910100046,Active.Live,N
901288910100047,Active.Live,N
901288910100048,Active.Live,N
901288910100049,Active.Live,N
901288910100050,Active.Live,N
901288910100052,Active.Live,N
901288910100053,Active.Live,N
901288910100054,Active.Live,N
901288910100055,Active.Live,N
901288910100056,Active.Live,N
901288910100057,Active.Live,N
901288910100059,Active.Live,N
901288910100060,Active.Live,N
901288910100061,Active.Live,N
901288910100062,Active.Live,N
901288910100063,Active.Live,N
901288910100064,Active.Live,N
901288910100065,Active.Live,N
901288910100066,Active.Live,N
901288910100067,Active.Live,N
901288910100068,Active.Live,N
901288910100069,Active.Live,N
901288910100070,Active.Live,N
901288910100071,Active.Live,N
901288910100072,Active.Live,N
901288910100073,Active.Live,N
901288910100074,Active.Live,N
901288910100075,Active.Live,N
901288910100076,Active.Live,N
901288910100077,Active.Live,N
901288910100078,Active.Live,N
901288910100079,Active.Live,N
901288910100080,Active.Live,N
901288910100081,Active.Live,N
901288910100082,Active.Live,N
901288910100083,Active.Live,N
901288910100084,Active.Live,N
901288910100085,Active.Live,N
901288910100086,Active.Live,N
901288910100087,Active.Live,N
901288910100088,Active.Live,N
901288910100089,Active.Live,N
901288910100090,Active.Live,N
901288910100091,Active.Live,N
901288910100092,Active.Live,N
901288910100093,Active.Live,N
901288910100094,Active.Live,N
901288910100095,Active.Live,N
901288910100096,Active.Live,N
901288910100097,Active.Live,N
901288910100098,Active.Live,N
901288910100099,Active.Live,N
901288910100100,Active.Live,N
901288910100101,Active.Live,N
901288910100102,Active.Live,N
901288910100103,Active.Live,N
901288910100104,Active.Live,N
901288910100105,Active.Live,N
901288910100106,Active.Live,N
901288910100107,Active.Live,N
901288910100108,Active.Live,N
901288910100109,Active.Live,N
901288910100110,Active.Live,N
901288910100111,Active.Live,N
901288910100112,Active.Live,N
901288910100113,Active.Live,N
901288910100114,Active.Live,N
901288910100115,Active.Live,N
901288910100116,Active.Live,N
901288910100117,Active.Live,N
901288910100118,Active.Live,N
901288910100119,Active.Live,N
901288910100120,Active.Live,N
901288910100121,Active.Live,N
901288910100122,Active.Live,N
901288910100123,Active.Live,N
901288910100124,Active.Live,N
901288910100125,Active.Live,N
901288910100126,Active.Live,N
901288910100127,Active.Live,N
901288910100128,Active.Live,N
901288910100129,Active.Live,N
901288910100130,Active.Live,N
901288910100131,Active.Live,N
901288910100132,Active.Live,N
901288910100133,Active.Live,N
901288910100134,Active.Live,N
901288910100135,Active.Live,N
901288910100136,Active.Live,N
901288910100137,Active.Live,N
901288910100138,Active.Live,N
901288910100139,Active.Live,N
901288910100140,Active.Live,N
901288910100141,Active.Live,N
901288910100142,Active.Live,N
901288910100143,Active.Live,N
901288910100144,Active.Live,N
901288910100145,Active.Live,N
901288910100146,Active.Live,N
901288910100156,Active.Live,N
901288910100157,Active.Live,N
901288910100158,Active.Live,N
